Identifiant station;Nom station;Station en fonctionnement;Capacité de la station;Nombre bornettes libres;Nombre total vélos disponibles;Vélos mécaniques disponibles;Vélos électriques disponibles;Borne de paiement disponible;Retour vélib possible;Actualisation de la donnée;Coordonnées géographiques;Nom communes équipées;Code INSEE communes équipées
;;OUI;;5;23;;;OUI;OUI;2025-01-08T00:42:21+01:00;;;
;;OUI;;31;4;;;OUI;OUI;2025-01-08T00:37:55+01:00;;;
;;OUI;;16;5;;;OUI;OUI;2025-01-08T00:35:39+01:00;;;
;;OUI;;0;20;;;OUI;OUI;2025-01-08T00:41:02+01:00;;;
;;OUI;;22;3;;;OUI;OUI;2025-01-08T00:37:18+01:00;;;
;;OUI;;8;14;;;OUI;OUI;2025-01-08T00:37:39+01:00;;;
;;OUI;;54;6;;;OUI;OUI;2025-01-08T00:42:46+01:00;;;
;;OUI;;11;10;;;OUI;OUI;2025-01-08T00:33:08+01:00;;;
;;OUI;;11;9;;;OUI;OUI;2025-01-08T00:37:32+01:00;;;
;;OUI;;17;6;;;OUI;OUI;2025-01-08T00:39:29+01:00;;;
;;OUI;;0;12;;;OUI;OUI;2025-01-08T00:39:09+01:00;;;
;;OUI;;3;14;;;OUI;OUI;2025-01-08T00:37:35+01:00;;;
;;OUI;;25;23;;;OUI;OUI;2025-01-08T00:42:46+01:00;;;
;;OUI;;17;14;;;OUI;OUI;2025-01-08T00:42:35+01:00;;;
;;OUI;;12;23;;;OUI;OUI;2025-01-08T00:42:40+01:00;;;
;;OUI;;20;7;;;OUI;OUI;2025-01-08T00:37:57+01:00;;;
;;OUI;;12;15;;;OUI;OUI;2025-01-08T00:42:04+01:00;;;
;;OUI;;6;19;;;OUI;OUI;2025-01-08T00:39:14+01:00;;;
;;OUI;;9;13;;;OUI;OUI;2025-01-08T00:39:42+01:00;;;
;;OUI;;27;13;;;OUI;OUI;2025-01-08T00:41:30+01:00;;;
;;OUI;;47;13;;;OUI;OUI;2025-01-08T00:35:54+01:00;;;
;;OUI;;13;4;;;OUI;OUI;2025-01-08T00:42:48+01:00;;;
;;OUI;;16;20;;;OUI;OUI;2025-01-08T00:40:58+01:00;;;
;;OUI;;28;12;;;OUI;OUI;2025-01-08T00:40:09+01:00;;;
;;OUI;;7;36;;;OUI;OUI;2025-01-08T00:42:05+01:00;;;
;;OUI;;26;2;;;OUI;OUI;2025-01-08T00:35:59+01:00;;;
;;OUI;;34;18;;;OUI;OUI;2025-01-08T00:41:44+01:00;;;
;;OUI;;17;3;;;OUI;OUI;2025-01-08T00:40:22+01:00;;;
;;OUI;;25;5;;;OUI;OUI;2025-01-08T00:39:10+01:00;;;
;;OUI;;1;29;;;OUI;OUI;2025-01-08T00:42:23+01:00;;;
;;OUI;;14;20;;;OUI;OUI;2025-01-08T00:42:22+01:00;;;
;;OUI;;44;1;;;OUI;OUI;2025-01-08T00:37:03+01:00;;;
;;OUI;;19;2;;;OUI;OUI;2025-01-08T00:34:26+01:00;;;
;;OUI;;32;6;;;OUI;OUI;2025-01-08T00:39:38+01:00;;;
;;OUI;;33;2;;;OUI;OUI;2025-01-08T00:37:37+01:00;;;
;;NON;;1;0;;;NON;NON;2024-08-29T13:11:05+02:00;;;
;;OUI;;23;19;;;OUI;OUI;2025-01-08T00:38:33+01:00;;;
;;OUI;;19;24;;;OUI;OUI;2025-01-08T00:42:50+01:00;;;
;;OUI;;18;7;;;OUI;OUI;2025-01-08T00:33:37+01:00;;;
;;OUI;;29;6;;;OUI;OUI;2025-01-08T00:42:11+01:00;;;
;;OUI;;13;3;;;OUI;OUI;2025-01-08T00:38:45+01:00;;;
;;OUI;;7;13;;;OUI;OUI;2025-01-08T00:37:39+01:00;;;
;;OUI;;10;12;;;OUI;OUI;2025-01-08T00:37:15+01:00;;;
;;OUI;;37;7;;;OUI;OUI;2025-01-08T00:38:14+01:00;;;
;;OUI;;11;7;;;OUI;OUI;2025-01-08T00:35:57+01:00;;;
;;OUI;;18;8;;;OUI;OUI;2025-01-08T00:37:21+01:00;;;
;;OUI;;13;17;;;OUI;OUI;2025-01-08T00:42:49+01:00;;;
;;OUI;;29;1;;;OUI;OUI;2025-01-08T00:36:37+01:00;;;
;;OUI;;5;21;;;OUI;OUI;2025-01-08T00:42:43+01:00;;;
;;OUI;;18;5;;;OUI;OUI;2025-01-08T00:36:37+01:00;;;
;;OUI;;19;2;;;OUI;OUI;2025-01-08T00:32:59+01:00;;;
;;OUI;;17;11;;;OUI;OUI;2025-01-08T00:41:27+01:00;;;
;;OUI;;24;4;;;OUI;OUI;2025-01-08T00:37:32+01:00;;;
;;OUI;;3;27;;;OUI;OUI;2025-01-08T00:41:19+01:00;;;
;;OUI;;20;43;;;OUI;OUI;2025-01-08T00:40:38+01:00;;;
;;OUI;;12;28;;;OUI;OUI;2025-01-08T00:41:48+01:00;;;
;;OUI;;19;5;;;OUI;OUI;2025-01-08T00:41:28+01:00;;;
;;OUI;;10;7;;;OUI;OUI;2025-01-08T00:39:51+01:00;;;
;;OUI;;18;3;;;OUI;OUI;2025-01-08T00:39:06+01:00;;;
;;OUI;;21;2;;;OUI;OUI;2025-01-08T00:38:22+01:00;;;
;;OUI;;20;1;;;OUI;OUI;2025-01-08T00:34:39+01:00;;;
;;OUI;;9;12;;;OUI;OUI;2025-01-08T00:37:23+01:00;;;
;;OUI;;22;10;;;OUI;OUI;2025-01-08T00:42:02+01:00;;;
;;OUI;;14;11;;;OUI;OUI;2025-01-08T00:34:57+01:00;;;
;;OUI;;10;7;;;OUI;OUI;2025-01-08T00:34:04+01:00;;;
;;OUI;;10;4;;;OUI;OUI;2025-01-08T00:42:28+01:00;;;
;;OUI;;12;8;;;OUI;OUI;2025-01-08T00:39:31+01:00;;;
;;OUI;;7;15;;;OUI;OUI;2025-01-08T00:40:37+01:00;;;
;;OUI;;28;1;;;OUI;OUI;2025-01-08T00:39:34+01:00;;;
;;OUI;;34;16;;;OUI;OUI;2025-01-08T00:41:37+01:00;;;
;;OUI;;17;10;;;OUI;OUI;2025-01-08T00:42:35+01:00;;;
;;OUI;;13;4;;;OUI;OUI;2025-01-08T00:41:03+01:00;;;
;;OUI;;12;15;;;OUI;OUI;2025-01-08T00:41:57+01:00;;;
;;OUI;;20;9;;;OUI;OUI;2025-01-08T00:40:12+01:00;;;
;;OUI;;16;11;;;OUI;OUI;2025-01-08T00:42:47+01:00;;;
;;OUI;;3;24;;;OUI;OUI;2025-01-08T00:42:26+01:00;;;
;;OUI;;11;8;;;OUI;OUI;2025-01-08T00:37:28+01:00;;;
;;OUI;;10;14;;;OUI;OUI;2025-01-08T00:41:04+01:00;;;
;;OUI;;9;22;;;OUI;OUI;2025-01-08T00:36:38+01:00;;;
;;OUI;;25;7;;;OUI;OUI;2025-01-08T00:42:39+01:00;;;
;;OUI;;25;4;;;OUI;OUI;2025-01-08T00:38:04+01:00;;;
;;OUI;;11;25;;;OUI;OUI;2025-01-08T00:42:19+01:00;;;
;;OUI;;18;17;;;OUI;OUI;2025-01-08T00:37:32+01:00;;;
;;OUI;;28;20;;;OUI;OUI;2025-01-08T00:42:17+01:00;;;
;;OUI;;22;6;;;OUI;OUI;2025-01-08T00:40:01+01:00;;;
;;OUI;;40;0;;;NON;NON;2025-01-08T00:34:39+01:00;;;
;;OUI;;11;6;;;OUI;OUI;2025-01-08T00:41:23+01:00;;;
;;OUI;;19;17;;;OUI;OUI;2025-01-08T00:39:13+01:00;;;
;;OUI;;5;11;;;OUI;OUI;2025-01-08T00:36:51+01:00;;;
;;OUI;;13;10;;;OUI;OUI;2025-01-08T00:39:39+01:00;;;
;;OUI;;25;8;;;OUI;OUI;2025-01-08T00:39:55+01:00;;;
;;OUI;;17;7;;;OUI;OUI;2025-01-08T00:41:05+01:00;;;
;;OUI;;4;36;;;OUI;OUI;2025-01-08T00:41:11+01:00;;;
;;OUI;;25;1;;;OUI;OUI;2025-01-08T00:39:17+01:00;;;
;;OUI;;17;7;;;OUI;OUI;2025-01-08T00:40:46+01:00;;;
;;OUI;;0;24;;;OUI;OUI;2025-01-08T00:42:31+01:00;;;
;;OUI;;0;8;;;OUI;OUI;2025-01-08T00:41:49+01:00;;;
;;OUI;;0;16;;;OUI;OUI;2025-01-08T00:41:31+01:00;;;
;;OUI;;15;2;;;OUI;OUI;2025-01-08T00:41:51+01:00;;;
;;OUI;;30;3;;;OUI;OUI;2025-01-08T00:41:19+01:00;;;
;;OUI;;35;4;;;OUI;OUI;2025-01-08T00:37:30+01:00;;;
;;OUI;;56;4;;;OUI;OUI;2025-01-08T00:42:08+01:00;;;
;;OUI;;22;24;;;OUI;OUI;2025-01-08T00:40:26+01:00;;;
;;OUI;;20;2;;;OUI;OUI;2025-01-08T00:37:37+01:00;;;
;;OUI;;29;7;;;OUI;OUI;2025-01-08T00:37:35+01:00;;;
;;OUI;;27;22;;;OUI;OUI;2025-01-08T00:42:41+01:00;;;
;;OUI;;4;23;;;OUI;OUI;2025-01-08T00:41:38+01:00;;;
;;OUI;;4;36;;;OUI;OUI;2025-01-08T00:41:33+01:00;;;
;;OUI;;30;5;;;OUI;OUI;2025-01-08T00:37:34+01:00;;;
;;OUI;;2;15;;;OUI;OUI;2025-01-08T00:37:51+01:00;;;
;;OUI;;0;30;;;OUI;OUI;2025-01-08T00:39:43+01:00;;;
;;OUI;;20;29;;;OUI;OUI;2025-01-08T00:41:29+01:00;;;
;;OUI;;37;2;;;OUI;OUI;2025-01-08T00:35:50+01:00;;;
;;OUI;;2;21;;;OUI;OUI;2025-01-08T00:41:05+01:00;;;
;;OUI;;33;7;;;OUI;OUI;2025-01-08T00:40:24+01:00;;;
;;OUI;;51;2;;;OUI;OUI;2025-01-08T00:38:04+01:00;;;
;;OUI;;1;11;;;OUI;OUI;2025-01-08T00:41:34+01:00;;;
;;OUI;;26;8;;;OUI;OUI;2025-01-08T00:38:48+01:00;;;
;;OUI;;16;1;;;OUI;OUI;2025-01-08T00:33:35+01:00;;;
;;OUI;;30;10;;;OUI;OUI;2025-01-08T00:36:36+01:00;;;
;;OUI;;48;4;;;OUI;OUI;2025-01-08T00:42:48+01:00;;;
;;OUI;;1;22;;;OUI;OUI;2025-01-08T00:42:50+01:00;;;
;;OUI;;18;17;;;OUI;OUI;2025-01-08T00:41:58+01:00;;;
;;OUI;;16;3;;;OUI;OUI;2025-01-08T00:37:49+01:00;;;
;;OUI;;14;2;;;OUI;OUI;2025-01-08T00:37:09+01:00;;;
;;OUI;;6;32;;;OUI;OUI;2025-01-08T00:39:48+01:00;;;
;;OUI;;12;27;;;OUI;OUI;2025-01-08T00:42:39+01:00;;;
;;OUI;;20;14;;;OUI;OUI;2025-01-08T00:41:56+01:00;;;
;;OUI;;20;15;;;OUI;OUI;2025-01-08T00:42:50+01:00;;;
;;OUI;;15;2;;;OUI;OUI;2025-01-08T00:40:52+01:00;;;
;;OUI;;0;27;;;OUI;OUI;2025-01-08T00:41:08+01:00;;;
;;OUI;;14;12;;;OUI;OUI;2025-01-08T00:38:41+01:00;;;
;;OUI;;37;6;;;OUI;OUI;2025-01-08T00:39:53+01:00;;;
;;OUI;;40;9;;;OUI;OUI;2025-01-08T00:42:49+01:00;;;
;;OUI;;19;39;;;OUI;OUI;2025-01-08T00:42:11+01:00;;;
;;OUI;;31;27;;;OUI;OUI;2025-01-08T00:42:02+01:00;;;
;;OUI;;31;19;;;OUI;OUI;2025-01-08T00:42:28+01:00;;;
;;OUI;;7;30;;;OUI;OUI;2025-01-08T00:40:33+01:00;;;
;;OUI;;14;11;;;OUI;OUI;2025-01-08T00:41:27+01:00;;;
;;OUI;;8;21;;;OUI;OUI;2025-01-08T00:42:23+01:00;;;
;;OUI;;27;5;;;OUI;OUI;2025-01-08T00:36:01+01:00;;;
;;OUI;;20;2;;;OUI;OUI;2025-01-08T00:41:05+01:00;;;
;;OUI;;20;8;;;OUI;OUI;2025-01-08T00:41:24+01:00;;;
;;OUI;;1;17;;;OUI;OUI;2025-01-08T00:40:46+01:00;;;
;;OUI;;3;22;;;OUI;OUI;2025-01-08T00:41:52+01:00;;;
;;OUI;;20;5;;;OUI;OUI;2025-01-08T00:41:47+01:00;;;
;;OUI;;9;6;;;OUI;OUI;2025-01-08T00:39:42+01:00;;;
;;OUI;;18;4;;;OUI;OUI;2025-01-08T00:35:42+01:00;;;
;;OUI;;22;8;;;OUI;OUI;2025-01-08T00:41:50+01:00;;;
;;OUI;;55;9;;;OUI;OUI;2025-01-08T00:37:39+01:00;;;
;;OUI;;18;10;;;OUI;OUI;2025-01-08T00:37:36+01:00;;;
;;OUI;;16;8;;;OUI;OUI;2025-01-08T00:36:53+01:00;;;
;;OUI;;2;16;;;OUI;OUI;2025-01-08T00:42:03+01:00;;;
;;OUI;;6;14;;;OUI;OUI;2025-01-08T00:39:17+01:00;;;
;;OUI;;10;23;;;OUI;OUI;2025-01-08T00:41:50+01:00;;;
;;OUI;;33;32;;;OUI;OUI;2025-01-08T00:42:41+01:00;;;
;;OUI;;3;16;;;OUI;OUI;2025-01-08T00:41:48+01:00;;;
;;OUI;;14;21;;;OUI;OUI;2025-01-08T00:40:54+01:00;;;
;;OUI;;23;1;;;OUI;OUI;2025-01-08T00:38:41+01:00;;;
;;OUI;;17;4;;;OUI;OUI;2025-01-08T00:42:14+01:00;;;
;;OUI;;13;10;;;OUI;OUI;2025-01-08T00:40:22+01:00;;;
;;OUI;;19;14;;;OUI;OUI;2025-01-08T00:37:24+01:00;;;
;;OUI;;8;22;;;OUI;OUI;2025-01-08T00:40:12+01:00;;;
;;OUI;;14;7;;;OUI;OUI;2025-01-08T00:42:48+01:00;;;
;;OUI;;19;18;;;OUI;OUI;2025-01-08T00:42:03+01:00;;;
;;OUI;;3;26;;;OUI;OUI;2025-01-08T00:39:52+01:00;;;
;;OUI;;32;0;;;OUI;OUI;2025-01-08T00:41:24+01:00;;;
;;OUI;;17;13;;;OUI;OUI;2025-01-08T00:40:03+01:00;;;
;;OUI;;2;30;;;OUI;OUI;2025-01-08T00:42:36+01:00;;;
;;OUI;;25;12;;;OUI;OUI;2025-01-08T00:39:41+01:00;;;
;;OUI;;29;31;;;OUI;OUI;2025-01-08T00:42:20+01:00;;;
;;OUI;;5;21;;;OUI;OUI;2025-01-08T00:41:51+01:00;;;
;;OUI;;8;16;;;OUI;OUI;2025-01-08T00:42:30+01:00;;;
;;OUI;;12;12;;;OUI;OUI;2025-01-08T00:41:12+01:00;;;
;;OUI;;10;23;;;OUI;OUI;2025-01-08T00:37:49+01:00;;;
;;OUI;;22;11;;;OUI;OUI;2025-01-08T00:38:11+01:00;;;
;;OUI;;57;0;;;OUI;OUI;2025-01-08T00:34:44+01:00;;;
;;OUI;;17;2;;;OUI;OUI;2025-01-08T00:42:48+01:00;;;
;;OUI;;8;15;;;OUI;OUI;2025-01-08T00:41:50+01:00;;;
;;OUI;;20;8;;;OUI;OUI;2025-01-08T00:40:50+01:00;;;
;;OUI;;15;13;;;OUI;OUI;2025-01-08T00:42:46+01:00;;;
;;OUI;;47;11;;;OUI;OUI;2025-01-08T00:41:15+01:00;;;
;;OUI;;14;2;;;OUI;OUI;2025-01-08T00:36:53+01:00;;;
;;OUI;;20;2;;;OUI;OUI;2025-01-08T00:42:31+01:00;;;
;;OUI;;23;20;;;OUI;OUI;2025-01-08T00:41:17+01:00;;;
;;OUI;;0;27;;;OUI;OUI;2025-01-08T00:42:33+01:00;;;
;;OUI;;21;3;;;OUI;OUI;2025-01-08T00:40:38+01:00;;;
;;OUI;;7;20;;;OUI;OUI;2025-01-08T00:41:32+01:00;;;
;;OUI;;10;14;;;OUI;OUI;2025-01-08T00:42:42+01:00;;;
;;OUI;;25;5;;;OUI;OUI;2025-01-08T00:41:46+01:00;;;
;;NON;;1;0;;;NON;NON;2024-08-08T02:03:20+02:00;;;
;;OUI;;10;22;;;OUI;OUI;2025-01-08T00:37:47+01:00;;;
;;OUI;;15;8;;;OUI;OUI;2025-01-08T00:35:10+01:00;;;
;;OUI;;7;13;;;OUI;OUI;2025-01-08T00:38:09+01:00;;;
;;OUI;;12;33;;;OUI;OUI;2025-01-08T00:38:47+01:00;;;
;;OUI;;32;21;;;OUI;OUI;2025-01-08T00:41:50+01:00;;;
;;OUI;;39;11;;;OUI;OUI;2025-01-08T00:42:01+01:00;;;
;;OUI;;16;12;;;OUI;OUI;2025-01-08T00:41:48+01:00;;;
;;OUI;;17;3;;;OUI;OUI;2025-01-08T00:40:52+01:00;;;
;;OUI;;52;9;;;OUI;OUI;2025-01-08T00:40:32+01:00;;;
;;OUI;;11;14;;;OUI;OUI;2025-01-08T00:40:53+01:00;;;
;;OUI;;8;24;;;OUI;OUI;2025-01-08T00:42:44+01:00;;;
;;OUI;;29;13;;;OUI;OUI;2025-01-08T00:38:57+01:00;;;
;;OUI;;17;7;;;OUI;OUI;2025-01-08T00:42:19+01:00;;;
;;OUI;;4;18;;;OUI;OUI;2025-01-08T00:36:17+01:00;;;
;;OUI;;17;3;;;OUI;OUI;2025-01-08T00:34:02+01:00;;;
;;OUI;;28;22;;;OUI;OUI;2025-01-08T00:42:18+01:00;;;
;;OUI;;28;12;;;OUI;OUI;2025-01-08T00:40:54+01:00;;;
;;OUI;;36;2;;;OUI;OUI;2025-01-08T00:39:50+01:00;;;
;;OUI;;7;17;;;OUI;OUI;2025-01-08T00:42:11+01:00;;;
;;OUI;;44;7;;;OUI;OUI;2025-01-08T00:41:57+01:00;;;
;;OUI;;17;3;;;OUI;OUI;2025-01-08T00:36:22+01:00;;;
;;OUI;;17;13;;;OUI;OUI;2025-01-08T00:41:22+01:00;;;
;;OUI;;9;21;;;OUI;OUI;2025-01-08T00:41:41+01:00;;;
;;OUI;;18;30;;;OUI;OUI;2025-01-08T00:42:42+01:00;;;
;;OUI;;6;30;;;OUI;OUI;2025-01-08T00:42:11+01:00;;;
;;OUI;;20;6;;;OUI;OUI;2025-01-08T00:37:07+01:00;;;
;;OUI;;3;23;;;OUI;OUI;2025-01-08T00:40:35+01:00;;;
;;OUI;;29;28;;;OUI;OUI;2025-01-08T00:36:06+01:00;;;
;;OUI;;30;34;;;OUI;OUI;2025-01-08T00:41:05+01:00;;;
;;OUI;;0;0;;;NON;NON;2024-09-22T22:12:08+02:00;;;
;;OUI;;2;22;;;OUI;OUI;2025-01-08T00:41:19+01:00;;;
;;OUI;;13;21;;;OUI;OUI;2025-01-08T00:41:34+01:00;;;
;;OUI;;27;5;;;OUI;OUI;2025-01-08T00:41:05+01:00;;;
;;OUI;;6;14;;;OUI;OUI;2025-01-08T00:39:04+01:00;;;
;;OUI;;23;3;;;OUI;OUI;2025-01-08T00:41:41+01:00;;;
;;OUI;;3;16;;;OUI;OUI;2025-01-08T00:39:49+01:00;;;
;;OUI;;4;25;;;OUI;OUI;2025-01-08T00:40:40+01:00;;;
;;OUI;;3;30;;;OUI;OUI;2025-01-08T00:42:35+01:00;;;
;;OUI;;31;1;;;OUI;OUI;2025-01-08T00:42:38+01:00;;;
;;OUI;;23;11;;;OUI;OUI;2025-01-08T00:41:49+01:00;;;
;;OUI;;1;50;;;OUI;OUI;2025-01-08T00:39:57+01:00;;;
;;OUI;;19;3;;;OUI;OUI;2025-01-08T00:39:09+01:00;;;
;;OUI;;15;0;;;NON;NON;2024-08-27T09:27:42+02:00;;;
;;OUI;;29;7;;;OUI;OUI;2025-01-08T00:40:26+01:00;;;
;;OUI;;27;1;;;OUI;OUI;2025-01-08T00:39:43+01:00;;;
;;OUI;;22;10;;;OUI;OUI;2025-01-08T00:40:58+01:00;;;
;;OUI;;21;5;;;OUI;OUI;2025-01-08T00:39:16+01:00;;;
;;OUI;;4;45;;;OUI;OUI;2025-01-08T00:41:57+01:00;;;
;;OUI;;32;8;;;OUI;OUI;2025-01-08T00:42:27+01:00;;;
;;OUI;;47;20;;;OUI;OUI;2025-01-08T00:40:29+01:00;;;
;;OUI;;14;6;;;OUI;OUI;2025-01-08T00:42:19+01:00;;;
;;OUI;;27;8;;;OUI;OUI;2025-01-08T00:40:31+01:00;;;
;;OUI;;10;45;;;OUI;OUI;2025-01-08T00:42:24+01:00;;;
;;OUI;;1;26;;;OUI;OUI;2025-01-08T00:33:37+01:00;;;
;;OUI;;17;35;;;OUI;OUI;2025-01-08T00:41:13+01:00;;;
;;OUI;;12;7;;;OUI;OUI;2025-01-08T00:37:29+01:00;;;
;;OUI;;26;27;;;OUI;OUI;2025-01-08T00:42:01+01:00;;;
;;OUI;;8;26;;;OUI;OUI;2025-01-08T00:39:03+01:00;;;
;;OUI;;4;25;;;OUI;OUI;2025-01-08T00:39:25+01:00;;;
;;OUI;;12;14;;;OUI;OUI;2025-01-08T00:40:17+01:00;;;
;;OUI;;15;13;;;OUI;OUI;2025-01-08T00:39:10+01:00;;;
;;OUI;;5;20;;;OUI;OUI;2025-01-08T00:41:45+01:00;;;
;;OUI;;28;9;;;OUI;OUI;2025-01-08T00:41:40+01:00;;;
;;OUI;;32;6;;;OUI;OUI;2025-01-08T00:39:07+01:00;;;
;;OUI;;4;15;;;OUI;OUI;2025-01-08T00:39:21+01:00;;;
;;OUI;;0;34;;;OUI;OUI;2025-01-08T00:39:27+01:00;;;
;;OUI;;9;19;;;OUI;OUI;2025-01-08T00:40:57+01:00;;;
;;OUI;;17;16;;;OUI;OUI;2025-01-08T00:40:31+01:00;;;
;;OUI;;13;9;;;OUI;OUI;2025-01-08T00:41:14+01:00;;;
;;OUI;;8;21;;;OUI;OUI;2025-01-08T00:42:31+01:00;;;
;;OUI;;16;10;;;OUI;OUI;2025-01-08T00:38:08+01:00;;;
;;OUI;;8;28;;;OUI;OUI;2025-01-08T00:38:55+01:00;;;
;;OUI;;32;1;;;OUI;OUI;2025-01-08T00:38:36+01:00;;;
;;OUI;;4;14;;;OUI;OUI;2025-01-08T00:42:29+01:00;;;
;;OUI;;38;10;;;OUI;OUI;2025-01-08T00:41:51+01:00;;;
;;OUI;;10;21;;;OUI;OUI;2025-01-08T00:41:02+01:00;;;
;;NON;;1;0;;;NON;NON;2024-10-08T11:06:15+02:00;;;
;;OUI;;11;47;;;OUI;OUI;2025-01-08T00:42:26+01:00;;;
;;NON;;30;0;;;NON;NON;2023-11-05T09:56:42+01:00;;;
;;OUI;;20;30;;;OUI;OUI;2025-01-08T00:42:31+01:00;;;
;;OUI;;15;11;;;OUI;OUI;2025-01-08T00:39:42+01:00;;;
;;OUI;;0;16;;;OUI;OUI;2025-01-08T00:37:21+01:00;;;
;;OUI;;19;11;;;OUI;OUI;2025-01-08T00:42:36+01:00;;;
;;OUI;;14;16;;;OUI;OUI;2025-01-08T00:42:00+01:00;;;
;;OUI;;10;10;;;OUI;OUI;2025-01-08T00:42:09+01:00;;;
;;OUI;;7;21;;;OUI;OUI;2025-01-08T00:39:47+01:00;;;
;;OUI;;17;10;;;OUI;OUI;2025-01-08T00:41:09+01:00;;;
;;OUI;;7;23;;;OUI;OUI;2025-01-08T00:42:00+01:00;;;
;;OUI;;34;6;;;OUI;OUI;2025-01-08T00:42:49+01:00;;;
;;OUI;;27;6;;;OUI;OUI;2025-01-08T00:41:21+01:00;;;
;;OUI;;22;20;;;OUI;OUI;2025-01-08T00:42:50+01:00;;;
;;OUI;;23;24;;;OUI;OUI;2025-01-08T00:41:14+01:00;;;
;;OUI;;18;8;;;OUI;OUI;2025-01-08T00:39:25+01:00;;;
;;OUI;;1;20;;;OUI;OUI;2025-01-08T00:39:54+01:00;;;
;;OUI;;5;33;;;OUI;OUI;2025-01-08T00:42:06+01:00;;;
;;OUI;;22;21;;;OUI;OUI;2025-01-08T00:40:49+01:00;;;
;;OUI;;1;24;;;OUI;OUI;2025-01-08T00:39:19+01:00;;;
;;OUI;;9;31;;;OUI;OUI;2025-01-08T00:38:33+01:00;;;
;;OUI;;1;23;;;OUI;OUI;2025-01-08T00:41:38+01:00;;;
;;OUI;;33;12;;;OUI;OUI;2025-01-08T00:42:05+01:00;;;
;;OUI;;14;33;;;OUI;OUI;2025-01-08T00:42:40+01:00;;;
;;OUI;;16;7;;;OUI;OUI;2025-01-08T00:37:58+01:00;;;
;;OUI;;16;12;;;OUI;OUI;2025-01-08T00:40:04+01:00;;;
;;OUI;;25;1;;;NON;NON;2025-01-08T00:40:54+01:00;;;
;;OUI;;32;10;;;OUI;OUI;2025-01-08T00:40:58+01:00;;;
;;OUI;;7;16;;;OUI;OUI;2025-01-08T00:40:20+01:00;;;
;;OUI;;22;11;;;OUI;OUI;2025-01-08T00:38:45+01:00;;;
;;OUI;;16;12;;;OUI;OUI;2025-01-08T00:39:52+01:00;;;
;;OUI;;55;4;;;OUI;OUI;2025-01-08T00:35:36+01:00;;;
;;OUI;;29;7;;;OUI;OUI;2025-01-08T00:40:06+01:00;;;
;;OUI;;12;4;;;OUI;OUI;2025-01-08T00:42:35+01:00;;;
;;OUI;;19;7;;;OUI;OUI;2025-01-08T00:34:09+01:00;;;
;;OUI;;9;57;;;OUI;OUI;2025-01-08T00:41:58+01:00;;;
;;OUI;;9;11;;;OUI;OUI;2025-01-08T00:42:03+01:00;;;
;;OUI;;17;31;;;OUI;OUI;2025-01-08T00:41:27+01:00;;;
;;OUI;;26;37;;;OUI;OUI;2025-01-08T00:40:34+01:00;;;
;;OUI;;32;1;;;OUI;OUI;2025-01-08T00:40:46+01:00;;;
;;OUI;;9;14;;;OUI;OUI;2025-01-08T00:36:16+01:00;;;
;;OUI;;8;17;;;OUI;OUI;2025-01-04T04:37:01+01:00;;;
;;OUI;;9;10;;;OUI;OUI;2025-01-08T00:41:09+01:00;;;
;;OUI;;25;11;;;OUI;OUI;2025-01-08T00:40:25+01:00;;;
;;OUI;;18;1;;;OUI;OUI;2025-01-08T00:38:04+01:00;;;
;;OUI;;19;8;;;OUI;OUI;2025-01-08T00:42:51+01:00;;;
;;OUI;;13;43;;;OUI;OUI;2025-01-08T00:42:18+01:00;;;
;;OUI;;17;1;;;OUI;OUI;2025-01-08T00:37:43+01:00;;;
;;OUI;;39;7;;;OUI;OUI;2025-01-08T00:42:10+01:00;;;
;;OUI;;33;16;;;OUI;OUI;2025-01-08T00:41:36+01:00;;;
;;OUI;;19;11;;;OUI;OUI;2025-01-08T00:39:51+01:00;;;
;;OUI;;16;2;;;OUI;OUI;2025-01-08T00:41:33+01:00;;;
;;OUI;;6;10;;;OUI;OUI;2025-01-08T00:41:19+01:00;;;
;;OUI;;46;4;;;OUI;OUI;2025-01-08T00:36:58+01:00;;;
;;OUI;;11;14;;;OUI;OUI;2025-01-08T00:42:42+01:00;;;
;;OUI;;27;8;;;OUI;OUI;2025-01-08T00:37:48+01:00;;;
;;OUI;;34;5;;;OUI;OUI;2025-01-08T00:39:23+01:00;;;
;;OUI;;31;45;;;OUI;OUI;2025-01-08T00:40:38+01:00;;;
;;OUI;;31;2;;;OUI;OUI;2025-01-08T00:41:38+01:00;;;
;;OUI;;21;5;;;OUI;OUI;2025-01-08T00:40:55+01:00;;;
;;OUI;;34;5;;;OUI;OUI;2025-01-08T00:40:21+01:00;;;
;;OUI;;35;5;;;OUI;OUI;2025-01-08T00:40:49+01:00;;;
;;OUI;;34;9;;;OUI;OUI;2025-01-08T00:41:28+01:00;;;
;;OUI;;11;20;;;OUI;OUI;2025-01-08T00:42:10+01:00;;;
;;OUI;;3;19;;;OUI;OUI;2025-01-08T00:39:44+01:00;;;
;;OUI;;2;26;;;OUI;OUI;2025-01-08T00:42:35+01:00;;;
;;OUI;;3;16;;;OUI;OUI;2025-01-08T00:41:31+01:00;;;
;;OUI;;11;15;;;OUI;OUI;2025-01-08T00:40:27+01:00;;;
;;OUI;;19;0;;;OUI;OUI;2025-01-08T00:36:46+01:00;;;
;;OUI;;13;10;;;OUI;OUI;2025-01-08T00:42:43+01:00;;;
;;OUI;;9;13;;;OUI;OUI;2025-01-08T00:40:50+01:00;;;
;;OUI;;25;10;;;OUI;OUI;2025-01-08T00:36:30+01:00;;;
;;OUI;;17;6;;;OUI;OUI;2025-01-08T00:40:28+01:00;;;
;;OUI;;20;3;;;OUI;OUI;2025-01-08T00:40:26+01:00;;;
;;OUI;;34;6;;;OUI;OUI;2025-01-08T00:40:13+01:00;;;
;;OUI;;37;0;;;NON;NON;2018-03-16T15:13:06+01:00;;;
;;OUI;;2;28;;;OUI;OUI;2025-01-08T00:38:48+01:00;;;
;;OUI;;22;10;;;OUI;OUI;2025-01-08T00:42:44+01:00;;;
;;OUI;;30;4;;;OUI;OUI;2025-01-08T00:33:08+01:00;;;
;;OUI;;10;12;;;OUI;OUI;2025-01-08T00:34:46+01:00;;;
;;OUI;;17;16;;;OUI;OUI;2025-01-08T00:37:03+01:00;;;
;;OUI;;28;3;;;OUI;OUI;2025-01-08T00:42:20+01:00;;;
;;OUI;;0;26;;;OUI;OUI;2025-01-08T00:40:58+01:00;;;
;;OUI;;2;21;;;OUI;OUI;2025-01-08T00:42:16+01:00;;;
;;OUI;;13;12;;;OUI;OUI;2025-01-08T00:37:13+01:00;;;
;;OUI;;27;24;;;OUI;OUI;2025-01-08T00:42:19+01:00;;;
;;OUI;;7;18;;;OUI;OUI;2025-01-08T00:42:16+01:00;;;
;;OUI;;1;23;;;OUI;OUI;2025-01-08T00:41:18+01:00;;;
;;OUI;;2;20;;;OUI;OUI;2025-01-08T00:42:05+01:00;;;
;;OUI;;6;14;;;OUI;OUI;2025-01-08T00:42:06+01:00;;;
;;OUI;;29;4;;;OUI;OUI;2025-01-08T00:35:25+01:00;;;
;;OUI;;0;20;;;OUI;OUI;2025-01-08T00:40:21+01:00;;;
;;OUI;;13;17;;;OUI;OUI;2025-01-08T00:41:21+01:00;;;
;;OUI;;12;15;;;OUI;OUI;2025-01-08T00:40:07+01:00;;;
;;OUI;;21;3;;;OUI;OUI;2025-01-08T00:38:46+01:00;;;
;;OUI;;9;20;;;OUI;OUI;2025-01-08T00:41:53+01:00;;;
;;OUI;;12;24;;;OUI;OUI;2025-01-08T00:42:11+01:00;;;
;;OUI;;45;3;;;OUI;OUI;2025-01-08T00:40:20+01:00;;;
;;OUI;;13;12;;;OUI;OUI;2025-01-08T00:37:26+01:00;;;
;;OUI;;9;9;;;OUI;OUI;2025-01-08T00:39:17+01:00;;;
;;OUI;;31;4;;;OUI;OUI;2025-01-08T00:40:22+01:00;;;
;;OUI;;17;14;;;OUI;OUI;2025-01-08T00:39:55+01:00;;;
;;OUI;;42;0;;;OUI;OUI;2025-01-08T00:42:40+01:00;;;
;;OUI;;14;37;;;OUI;OUI;2025-01-08T00:42:36+01:00;;;
;;OUI;;16;12;;;OUI;OUI;2025-01-08T00:37:16+01:00;;;
;;OUI;;44;3;;;OUI;OUI;2025-01-08T00:40:29+01:00;;;
;;OUI;;15;6;;;OUI;OUI;2025-01-08T00:40:02+01:00;;;
;;OUI;;17;9;;;OUI;OUI;2025-01-08T00:35:54+01:00;;;
;;OUI;;7;18;;;OUI;OUI;2025-01-08T00:42:44+01:00;;;
;;OUI;;26;8;;;OUI;OUI;2025-01-08T00:37:00+01:00;;;
;;OUI;;46;4;;;OUI;OUI;2025-01-08T00:37:13+01:00;;;
;;OUI;;11;3;;;OUI;OUI;2025-01-08T00:39:06+01:00;;;
;;OUI;;28;23;;;OUI;OUI;2025-01-08T00:39:07+01:00;;;
;;OUI;;21;9;;;OUI;OUI;2025-01-08T00:40:21+01:00;;;
;;OUI;;17;1;;;OUI;OUI;2025-01-08T00:34:16+01:00;;;
;;OUI;;40;11;;;OUI;OUI;2025-01-08T00:41:48+01:00;;;
;;OUI;;8;10;;;OUI;OUI;2025-01-08T00:42:01+01:00;;;
;;OUI;;50;8;;;OUI;OUI;2025-01-08T00:40:45+01:00;;;
;;OUI;;5;12;;;OUI;OUI;2025-01-08T00:39:42+01:00;;;
;;OUI;;21;15;;;OUI;OUI;2025-01-08T00:38:30+01:00;;;
;;OUI;;1;48;;;OUI;OUI;2025-01-08T00:42:51+01:00;;;
;;OUI;;19;36;;;OUI;OUI;2025-01-08T00:39:40+01:00;;;
;;OUI;;11;23;;;OUI;OUI;2025-01-08T00:42:28+01:00;;;
;;OUI;;17;10;;;OUI;OUI;2025-01-08T00:36:34+01:00;;;
;;OUI;;37;34;;;OUI;OUI;2025-01-08T00:39:29+01:00;;;
;;OUI;;25;13;;;OUI;OUI;2025-01-08T00:42:47+01:00;;;
;;OUI;;25;1;;;OUI;OUI;2025-01-08T00:34:58+01:00;;;
;;OUI;;18;10;;;OUI;OUI;2025-01-08T00:36:44+01:00;;;
;;OUI;;16;2;;;OUI;OUI;2025-01-08T00:41:45+01:00;;;
;;OUI;;20;14;;;OUI;OUI;2025-01-08T00:42:17+01:00;;;
;;OUI;;0;21;;;OUI;OUI;2025-01-08T00:41:18+01:00;;;
;;OUI;;51;5;;;OUI;OUI;2025-01-08T00:40:12+01:00;;;
;;OUI;;30;20;;;OUI;OUI;2025-01-08T00:42:11+01:00;;;
;;OUI;;13;13;;;OUI;OUI;2025-01-08T00:38:22+01:00;;;
;;OUI;;27;2;;;OUI;OUI;2025-01-08T00:35:11+01:00;;;
;;OUI;;33;3;;;OUI;OUI;2025-01-08T00:37:13+01:00;;;
;;OUI;;6;26;;;OUI;OUI;2025-01-08T00:42:19+01:00;;;
;;OUI;;21;30;;;OUI;OUI;2025-01-08T00:41:21+01:00;;;
;;OUI;;22;10;;;OUI;OUI;2025-01-08T00:40:22+01:00;;;
;;OUI;;11;4;;;OUI;OUI;2025-01-08T00:39:52+01:00;;;
;;OUI;;27;15;;;OUI;OUI;2025-01-08T00:36:11+01:00;;;
;;OUI;;5;17;;;OUI;OUI;2025-01-08T00:36:06+01:00;;;
;;OUI;;1;24;;;OUI;OUI;2025-01-08T00:38:06+01:00;;;
;;OUI;;22;2;;;OUI;OUI;2025-01-08T00:39:09+01:00;;;
;;OUI;;3;24;;;OUI;OUI;2025-01-08T00:41:17+01:00;;;
;;OUI;;6;15;;;OUI;OUI;2025-01-08T00:41:06+01:00;;;
;;OUI;;20;15;;;OUI;OUI;2025-01-08T00:39:20+01:00;;;
;;OUI;;9;30;;;OUI;OUI;2025-01-08T00:41:12+01:00;;;
;;OUI;;46;4;;;OUI;OUI;2025-01-08T00:40:50+01:00;;;
;;OUI;;5;18;;;OUI;OUI;2025-01-08T00:42:33+01:00;;;
;;OUI;;3;46;;;OUI;OUI;2025-01-08T00:40:33+01:00;;;
;;OUI;;11;4;;;OUI;OUI;2025-01-08T00:41:35+01:00;;;
;;OUI;;12;42;;;OUI;OUI;2025-01-08T00:42:45+01:00;;;
;;OUI;;31;2;;;OUI;OUI;2025-01-08T00:42:25+01:00;;;
;;OUI;;18;12;;;OUI;OUI;2025-01-08T00:42:21+01:00;;;
;;OUI;;13;6;;;OUI;OUI;2025-01-08T00:42:50+01:00;;;
;;OUI;;28;18;;;OUI;OUI;2025-01-08T00:42:50+01:00;;;
;;OUI;;10;16;;;OUI;OUI;2025-01-08T00:39:57+01:00;;;
;;OUI;;23;5;;;OUI;OUI;2025-01-08T00:33:36+01:00;;;
;;OUI;;4;18;;;OUI;OUI;2025-01-08T00:42:37+01:00;;;
;;OUI;;12;23;;;OUI;OUI;2025-01-08T00:39:52+01:00;;;
;;OUI;;39;2;;;OUI;OUI;2025-01-08T00:39:42+01:00;;;
;;OUI;;29;3;;;OUI;OUI;2025-01-08T00:42:46+01:00;;;
;;OUI;;9;13;;;OUI;OUI;2025-01-08T00:40:53+01:00;;;
;;OUI;;21;42;;;OUI;OUI;2025-01-08T00:39:27+01:00;;;
;;OUI;;8;12;;;OUI;OUI;2025-01-08T00:42:42+01:00;;;
;;OUI;;30;22;;;OUI;OUI;2025-01-08T00:38:54+01:00;;;
;;OUI;;2;18;;;OUI;OUI;2025-01-08T00:42:50+01:00;;;
;;OUI;;9;9;;;OUI;OUI;2025-01-08T00:37:02+01:00;;;
;;OUI;;24;6;;;OUI;OUI;2025-01-08T00:36:08+01:00;;;
;;OUI;;7;12;;;OUI;OUI;2025-01-08T00:37:44+01:00;;;
;;OUI;;16;23;;;OUI;OUI;2025-01-08T00:41:03+01:00;;;
;;OUI;;32;6;;;OUI;OUI;2025-01-08T00:37:44+01:00;;;
;;OUI;;4;19;;;OUI;OUI;2025-01-08T00:42:19+01:00;;;
;;OUI;;15;4;;;OUI;OUI;2025-01-08T00:37:02+01:00;;;
;;OUI;;13;11;;;OUI;OUI;2025-01-08T00:42:38+01:00;;;
;;OUI;;35;11;;;OUI;OUI;2025-01-08T00:42:13+01:00;;;
;;OUI;;18;5;;;OUI;OUI;2025-01-08T00:39:42+01:00;;;
;;OUI;;0;30;;;OUI;OUI;2025-01-08T00:41:22+01:00;;;
;;OUI;;9;6;;;OUI;OUI;2025-01-08T00:40:57+01:00;;;
;;OUI;;21;10;;;OUI;OUI;2025-01-08T00:37:32+01:00;;;
;;OUI;;41;5;;;OUI;OUI;2025-01-08T00:33:08+01:00;;;
;;OUI;;21;13;;;OUI;OUI;2025-01-08T00:41:42+01:00;;;
;;OUI;;10;33;;;OUI;OUI;2025-01-08T00:38:16+01:00;;;
;;OUI;;55;3;;;OUI;OUI;2025-01-08T00:38:05+01:00;;;
;;OUI;;6;5;;;OUI;OUI;2025-01-08T00:36:11+01:00;;;
;;OUI;;7;19;;;OUI;OUI;2025-01-08T00:42:11+01:00;;;
;;OUI;;6;37;;;OUI;OUI;2025-01-08T00:42:49+01:00;;;
;;OUI;;28;12;;;OUI;OUI;2025-01-08T00:40:55+01:00;;;
;;OUI;;1;52;;;OUI;OUI;2025-01-08T00:42:12+01:00;;;
;;OUI;;14;15;;;OUI;OUI;2025-01-08T00:40:10+01:00;;;
;;OUI;;12;22;;;OUI;OUI;2025-01-08T00:40:33+01:00;;;
;;OUI;;40;9;;;OUI;OUI;2025-01-08T00:38:37+01:00;;;
;;OUI;;17;6;;;OUI;OUI;2025-01-08T00:36:41+01:00;;;
;;OUI;;14;12;;;OUI;OUI;2025-01-08T00:41:44+01:00;;;
;;OUI;;8;13;;;OUI;OUI;2025-01-08T00:40:44+01:00;;;
;;OUI;;23;2;;;OUI;OUI;2025-01-08T00:35:00+01:00;;;
;;OUI;;17;0;;;OUI;OUI;2025-01-08T00:35:15+01:00;;;
;;OUI;;8;39;;;OUI;OUI;2025-01-08T00:42:49+01:00;;;
;;OUI;;16;8;;;OUI;OUI;2025-01-08T00:41:28+01:00;;;
;;OUI;;20;0;;;OUI;OUI;2025-01-08T00:36:23+01:00;;;
;;OUI;;5;14;;;OUI;OUI;2025-01-08T00:42:06+01:00;;;
;;OUI;;12;6;;;OUI;OUI;2025-01-08T00:36:14+01:00;;;
;;OUI;;54;8;;;OUI;OUI;2025-01-08T00:42:43+01:00;;;
;;OUI;;17;8;;;OUI;OUI;2025-01-08T00:39:12+01:00;;;
;;OUI;;22;25;;;OUI;OUI;2025-01-08T00:39:43+01:00;;;
;;OUI;;18;13;;;OUI;OUI;2025-01-08T00:41:46+01:00;;;
;;OUI;;19;7;;;OUI;OUI;2025-01-08T00:42:14+01:00;;;
;;OUI;;46;9;;;OUI;OUI;2025-01-08T00:37:53+01:00;;;
;;OUI;;12;17;;;OUI;OUI;2025-01-08T00:41:59+01:00;;;
;;OUI;;4;20;;;OUI;OUI;2025-01-08T00:41:42+01:00;;;
;;OUI;;13;20;;;OUI;OUI;2025-01-08T00:42:01+01:00;;;
;;OUI;;20;7;;;OUI;OUI;2025-01-08T00:39:27+01:00;;;
;;OUI;;12;4;;;OUI;OUI;2025-01-08T00:41:13+01:00;;;
;;OUI;;2;23;;;OUI;OUI;2025-01-08T00:42:38+01:00;;;
;;OUI;;17;20;;;OUI;OUI;2025-01-08T00:41:41+01:00;;;
;;OUI;;17;5;;;OUI;OUI;2025-01-08T00:38:04+01:00;;;
;;OUI;;37;8;;;OUI;OUI;2025-01-08T00:39:21+01:00;;;
;;OUI;;3;34;;;OUI;OUI;2025-01-08T00:42:28+01:00;;;
;;OUI;;22;10;;;OUI;OUI;2025-01-08T00:39:19+01:00;;;
;;OUI;;21;15;;;OUI;OUI;2025-01-08T00:38:41+01:00;;;
;;OUI;;18;2;;;OUI;OUI;2025-01-08T00:37:03+01:00;;;
;;OUI;;14;1;;;OUI;OUI;2025-01-08T00:34:35+01:00;;;
;;OUI;;33;11;;;OUI;OUI;2025-01-08T00:37:45+01:00;;;
;;OUI;;8;28;;;OUI;OUI;2025-01-08T00:41:32+01:00;;;
;;OUI;;53;13;;;OUI;OUI;2025-01-08T00:38:55+01:00;;;
;;OUI;;18;9;;;OUI;OUI;2025-01-08T00:41:25+01:00;;;
;;OUI;;2;18;;;OUI;OUI;2025-01-08T00:41:47+01:00;;;
;;OUI;;15;1;;;OUI;OUI;2025-01-08T00:36:21+01:00;;;
;;OUI;;12;14;;;OUI;OUI;2025-01-08T00:37:41+01:00;;;
;;OUI;;9;8;;;OUI;OUI;2025-01-08T00:41:33+01:00;;;
;;OUI;;15;25;;;OUI;OUI;2025-01-08T00:39:07+01:00;;;
;;OUI;;6;21;;;OUI;OUI;2025-01-08T00:41:03+01:00;;;
;;OUI;;29;4;;;OUI;OUI;2025-01-08T00:34:12+01:00;;;
;;OUI;;6;28;;;OUI;OUI;2025-01-08T00:39:43+01:00;;;
;;OUI;;29;4;;;OUI;OUI;2025-01-08T00:42:31+01:00;;;
;;OUI;;23;20;;;OUI;OUI;2025-01-08T00:37:04+01:00;;;
;;OUI;;48;2;;;OUI;OUI;2025-01-08T00:42:44+01:00;;;
;;OUI;;1;49;;;OUI;OUI;2025-01-08T00:42:46+01:00;;;
;;OUI;;32;12;;;OUI;OUI;2025-01-08T00:42:40+01:00;;;
;;OUI;;9;18;;;OUI;OUI;2025-01-08T00:42:30+01:00;;;
;;OUI;;8;36;;;OUI;OUI;2025-01-08T00:42:38+01:00;;;
;;OUI;;26;14;;;OUI;OUI;2025-01-08T00:41:30+01:00;;;
;;OUI;;41;1;;;OUI;OUI;2025-01-08T00:42:07+01:00;;;
;;OUI;;1;32;;;OUI;OUI;2025-01-08T00:42:03+01:00;;;
;;OUI;;0;21;;;OUI;OUI;2025-01-08T00:41:47+01:00;;;
;;OUI;;10;5;;;OUI;OUI;2025-01-08T00:36:05+01:00;;;
;;OUI;;14;13;;;OUI;OUI;2025-01-08T00:41:59+01:00;;;
;;OUI;;13;9;;;OUI;OUI;2025-01-08T00:33:58+01:00;;;
;;OUI;;2;28;;;OUI;OUI;2025-01-08T00:40:31+01:00;;;
;;OUI;;17;6;;;OUI;OUI;2025-01-08T00:41:26+01:00;;;
;;OUI;;22;10;;;OUI;OUI;2025-01-08T00:32:56+01:00;;;
;;OUI;;21;3;;;OUI;OUI;2025-01-08T00:42:09+01:00;;;
;;OUI;;9;56;;;OUI;OUI;2025-01-08T00:42:19+01:00;;;
;;OUI;;32;14;;;OUI;OUI;2025-01-08T00:34:18+01:00;;;
;;OUI;;14;8;;;OUI;OUI;2025-01-08T00:35:04+01:00;;;
;;OUI;;12;16;;;OUI;OUI;2025-01-08T00:42:45+01:00;;;
;;OUI;;5;24;;;OUI;OUI;2025-01-08T00:42:22+01:00;;;
;;OUI;;1;21;;;OUI;OUI;2025-01-08T00:42:05+01:00;;;
;;OUI;;8;13;;;OUI;OUI;2025-01-08T00:39:34+01:00;;;
;;OUI;;11;8;;;OUI;OUI;2025-01-08T00:41:20+01:00;;;
;;OUI;;19;11;;;OUI;OUI;2025-01-08T00:39:54+01:00;;;
;;OUI;;40;0;;;OUI;OUI;2025-01-08T00:42:00+01:00;;;
;;OUI;;13;19;;;OUI;OUI;2025-01-08T00:38:24+01:00;;;
;;OUI;;19;10;;;OUI;OUI;2025-01-08T00:40:41+01:00;;;
;;OUI;;15;11;;;OUI;OUI;2025-01-08T00:39:51+01:00;;;
;;OUI;;38;13;;;OUI;OUI;2025-01-08T00:40:54+01:00;;;
;;OUI;;21;7;;;OUI;OUI;2025-01-08T00:42:24+01:00;;;
;;OUI;;26;29;;;OUI;OUI;2025-01-08T00:42:40+01:00;;;
;;OUI;;17;3;;;OUI;OUI;2025-01-08T00:38:46+01:00;;;
;;OUI;;28;6;;;OUI;OUI;2025-01-08T00:34:46+01:00;;;
;;OUI;;44;6;;;OUI;OUI;2025-01-08T00:38:52+01:00;;;
;;OUI;;21;15;;;OUI;OUI;2025-01-08T00:35:03+01:00;;;
;;OUI;;26;34;;;OUI;OUI;2025-01-08T00:42:45+01:00;;;
;;OUI;;21;1;;;OUI;OUI;2025-01-08T00:38:47+01:00;;;
;;OUI;;32;13;;;OUI;OUI;2025-01-08T00:42:08+01:00;;;
;;OUI;;21;10;;;OUI;OUI;2025-01-08T00:41:58+01:00;;;
;;OUI;;14;12;;;OUI;OUI;2025-01-08T00:41:38+01:00;;;
;;OUI;;23;26;;;OUI;OUI;2025-01-08T00:39:17+01:00;;;
;;OUI;;0;34;;;OUI;OUI;2025-01-08T00:41:54+01:00;;;
;;OUI;;26;3;;;OUI;OUI;2025-01-08T00:35:13+01:00;;;
;;OUI;;18;0;;;NON;NON;2025-01-08T00:36:51+01:00;;;
;;OUI;;5;21;;;OUI;OUI;2025-01-08T00:40:31+01:00;;;
;;OUI;;9;39;;;OUI;OUI;2025-01-08T00:41:08+01:00;;;
;;OUI;;26;32;;;OUI;OUI;2025-01-08T00:42:41+01:00;;;
;;OUI;;26;4;;;OUI;OUI;2025-01-08T00:42:43+01:00;;;
;;OUI;;5;31;;;OUI;OUI;2025-01-08T00:38:49+01:00;;;
;;OUI;;30;4;;;OUI;OUI;2025-01-08T00:37:46+01:00;;;
;;OUI;;66;0;;;OUI;OUI;2025-01-08T00:39:12+01:00;;;
;;OUI;;14;8;;;OUI;OUI;2025-01-08T00:38:08+01:00;;;
;;OUI;;23;0;;;OUI;OUI;2025-01-08T00:34:06+01:00;;;
;;OUI;;9;18;;;OUI;OUI;2025-01-08T00:38:32+01:00;;;
;;OUI;;27;15;;;OUI;OUI;2025-01-08T00:41:07+01:00;;;
;;OUI;;11;21;;;OUI;OUI;2025-01-08T00:37:31+01:00;;;
;;OUI;;1;29;;;OUI;OUI;2025-01-08T00:42:27+01:00;;;
;;OUI;;4;22;;;OUI;OUI;2025-01-08T00:42:33+01:00;;;
;;OUI;;27;4;;;OUI;OUI;2025-01-08T00:41:12+01:00;;;
;;OUI;;19;32;;;OUI;OUI;2025-01-08T00:41:56+01:00;;;
;;OUI;;16;15;;;OUI;OUI;2025-01-08T00:41:49+01:00;;;
;;OUI;;13;20;;;OUI;OUI;2025-01-08T00:42:22+01:00;;;
;;OUI;;21;31;;;OUI;OUI;2025-01-08T00:38:36+01:00;;;
;;OUI;;23;5;;;OUI;OUI;2025-01-08T00:38:27+01:00;;;
;;NON;;12;11;;;NON;NON;2018-02-19T02:05:15+01:00;;;
;;OUI;;7;18;;;OUI;OUI;2025-01-08T00:40:07+01:00;;;
;;OUI;;2;30;;;OUI;OUI;2025-01-08T00:42:26+01:00;;;
;;OUI;;16;18;;;OUI;OUI;2025-01-08T00:39:44+01:00;;;
;;OUI;;18;15;;;OUI;OUI;2025-01-08T00:37:27+01:00;;;
;;OUI;;11;33;;;OUI;OUI;2025-01-08T00:40:40+01:00;;;
;;OUI;;0;23;;;OUI;OUI;2025-01-08T00:38:51+01:00;;;
;;OUI;;21;4;;;OUI;OUI;2025-01-08T00:36:13+01:00;;;
;;OUI;;15;8;;;OUI;OUI;2025-01-08T00:38:38+01:00;;;
;;OUI;;3;12;;;OUI;OUI;2025-01-08T00:42:03+01:00;;;
;;OUI;;33;4;;;OUI;OUI;2025-01-08T00:36:21+01:00;;;
;;OUI;;27;4;;;OUI;OUI;2025-01-08T00:42:14+01:00;;;
;;OUI;;3;20;;;OUI;OUI;2025-01-08T00:42:34+01:00;;;
;;OUI;;17;8;;;OUI;OUI;2025-01-08T00:36:56+01:00;;;
;;OUI;;18;7;;;OUI;OUI;2025-01-08T00:35:27+01:00;;;
;;OUI;;22;14;;;OUI;OUI;2025-01-08T00:41:23+01:00;;;
;;OUI;;11;10;;;OUI;OUI;2025-01-08T00:35:01+01:00;;;
;;OUI;;32;4;;;OUI;OUI;2025-01-08T00:42:15+01:00;;;
;;OUI;;16;16;;;OUI;OUI;2025-01-08T00:41:03+01:00;;;
;;OUI;;4;16;;;OUI;OUI;2025-01-08T00:41:55+01:00;;;
;;OUI;;15;10;;;OUI;OUI;2025-01-08T00:39:17+01:00;;;
;;OUI;;42;8;;;OUI;OUI;2025-01-08T00:42:28+01:00;;;
;;OUI;;11;14;;;OUI;OUI;2025-01-08T00:42:40+01:00;;;
;;OUI;;17;25;;;OUI;OUI;2025-01-08T00:41:10+01:00;;;
;;OUI;;25;5;;;OUI;OUI;2025-01-08T00:42:08+01:00;;;
;;OUI;;7;25;;;OUI;OUI;2025-01-08T00:41:36+01:00;;;
;;OUI;;16;18;;;OUI;OUI;2025-01-08T00:42:14+01:00;;;
;;OUI;;33;25;;;OUI;OUI;2025-01-08T00:42:35+01:00;;;
;;OUI;;0;30;;;OUI;OUI;2025-01-08T00:42:45+01:00;;;
;;OUI;;21;31;;;OUI;OUI;2025-01-08T00:39:39+01:00;;;
;;OUI;;14;3;;;OUI;OUI;2025-01-08T00:37:25+01:00;;;
;;OUI;;16;5;;;OUI;OUI;2025-01-08T00:41:02+01:00;;;
;;OUI;;27;7;;;OUI;OUI;2025-01-08T00:38:51+01:00;;;
;;OUI;;29;24;;;OUI;OUI;2025-01-08T00:41:44+01:00;;;
;;OUI;;14;19;;;OUI;OUI;2025-01-08T00:38:40+01:00;;;
;;OUI;;47;8;;;OUI;OUI;2025-01-08T00:37:59+01:00;;;
;;OUI;;1;42;;;OUI;OUI;2025-01-08T00:42:18+01:00;;;
;;OUI;;12;18;;;OUI;OUI;2025-01-08T00:41:40+01:00;;;
;;OUI;;15;18;;;OUI;OUI;2025-01-08T00:41:01+01:00;;;
;;OUI;;3;10;;;OUI;OUI;2025-01-08T00:41:17+01:00;;;
;;OUI;;21;1;;;OUI;OUI;2025-01-08T00:42:37+01:00;;;
;;OUI;;24;13;;;OUI;OUI;2025-01-08T00:37:11+01:00;;;
;;OUI;;28;12;;;OUI;OUI;2025-01-08T00:41:57+01:00;;;
;;OUI;;18;4;;;OUI;OUI;2025-01-08T00:40:16+01:00;;;
;;OUI;;22;6;;;OUI;OUI;2025-01-08T00:41:33+01:00;;;
;;OUI;;20;13;;;OUI;OUI;2025-01-08T00:42:47+01:00;;;
;;OUI;;6;21;;;OUI;OUI;2025-01-08T00:39:54+01:00;;;
;;OUI;;15;31;;;OUI;OUI;2025-01-08T00:41:05+01:00;;;
;;OUI;;16;6;;;OUI;OUI;2025-01-08T00:36:55+01:00;;;
;;OUI;;10;16;;;OUI;OUI;2025-01-08T00:34:04+01:00;;;
;;OUI;;0;28;;;OUI;OUI;2025-01-08T00:39:58+01:00;;;
;;OUI;;20;26;;;OUI;OUI;2025-01-08T00:42:49+01:00;;;
;;OUI;;27;4;;;OUI;OUI;2025-01-08T00:39:47+01:00;;;
;;OUI;;0;18;;;OUI;OUI;2025-01-08T00:41:41+01:00;;;
;;OUI;;21;9;;;OUI;OUI;2025-01-08T00:41:45+01:00;;;
;;OUI;;7;11;;;OUI;OUI;2025-01-08T00:42:34+01:00;;;
;;OUI;;25;5;;;OUI;OUI;2025-01-08T00:37:37+01:00;;;
;;OUI;;6;16;;;OUI;OUI;2025-01-08T00:36:39+01:00;;;
;;OUI;;30;16;;;OUI;OUI;2025-01-08T00:36:21+01:00;;;
;;OUI;;18;25;;;OUI;OUI;2025-01-08T00:42:02+01:00;;;
;;OUI;;0;0;;;NON;NON;2024-09-21T18:55:39+02:00;;;
;;OUI;;13;12;;;OUI;OUI;2025-01-08T00:42:23+01:00;;;
;;OUI;;46;9;;;OUI;OUI;2025-01-08T00:37:10+01:00;;;
;;OUI;;31;2;;;OUI;OUI;2025-01-08T00:40:58+01:00;;;
;;OUI;;39;17;;;OUI;OUI;2025-01-08T00:38:58+01:00;;;
;;OUI;;17;36;;;OUI;OUI;2025-01-08T00:42:21+01:00;;;
;;OUI;;24;15;;;OUI;OUI;2025-01-08T00:40:17+01:00;;;
;;OUI;;58;2;;;OUI;OUI;2025-01-08T00:37:35+01:00;;;
;;OUI;;64;2;;;OUI;OUI;2025-01-08T00:33:41+01:00;;;
;;OUI;;37;12;;;OUI;OUI;2025-01-08T00:42:36+01:00;;;
;;OUI;;46;4;;;OUI;OUI;2025-01-08T00:37:24+01:00;;;
;;OUI;;24;41;;;OUI;OUI;2025-01-08T00:39:57+01:00;;;
;;OUI;;0;25;;;OUI;OUI;2025-01-08T00:40:19+01:00;;;
;;OUI;;20;5;;;OUI;OUI;2025-01-08T00:42:37+01:00;;;
;;OUI;;12;18;;;OUI;OUI;2025-01-08T00:42:38+01:00;;;
;;OUI;;1;18;;;OUI;OUI;2025-01-08T00:39:24+01:00;;;
;;OUI;;46;19;;;OUI;OUI;2025-01-08T00:39:12+01:00;;;
;;OUI;;20;10;;;OUI;OUI;2025-01-08T00:40:29+01:00;;;
;;OUI;;21;18;;;OUI;OUI;2025-01-08T00:42:32+01:00;;;
;;OUI;;7;17;;;OUI;OUI;2025-01-08T00:41:18+01:00;;;
;;OUI;;14;7;;;OUI;OUI;2025-01-08T00:38:54+01:00;;;
;;OUI;;10;10;;;OUI;OUI;2025-01-08T00:37:07+01:00;;;
;;OUI;;2;37;;;OUI;OUI;2025-01-08T00:42:18+01:00;;;
;;OUI;;10;39;;;OUI;OUI;2025-01-08T00:42:20+01:00;;;
;;OUI;;45;15;;;OUI;OUI;2025-01-08T00:41:17+01:00;;;
;;OUI;;19;4;;;OUI;OUI;2025-01-08T00:37:56+01:00;;;
;;OUI;;15;5;;;OUI;OUI;2025-01-08T00:34:47+01:00;;;
;;OUI;;12;12;;;OUI;OUI;2025-01-08T00:41:51+01:00;;;
;;OUI;;48;4;;;OUI;OUI;2025-01-08T00:36:30+01:00;;;
;;OUI;;4;25;;;OUI;OUI;2025-01-08T00:42:34+01:00;;;
;;OUI;;37;3;;;OUI;OUI;2025-01-08T00:41:15+01:00;;;
;;OUI;;43;5;;;OUI;OUI;2025-01-08T00:39:10+01:00;;;
;;OUI;;10;5;;;OUI;OUI;2025-01-08T00:33:26+01:00;;;
;;OUI;;19;5;;;OUI;OUI;2025-01-08T00:36:11+01:00;;;
;;OUI;;2;14;;;OUI;OUI;2025-01-08T00:41:08+01:00;;;
;;OUI;;10;14;;;OUI;OUI;2025-01-08T00:41:36+01:00;;;
;;OUI;;35;15;;;OUI;OUI;2025-01-08T00:42:33+01:00;;;
;;OUI;;23;5;;;OUI;OUI;2025-01-08T00:33:45+01:00;;;
;;OUI;;5;10;;;OUI;OUI;2025-01-08T00:40:39+01:00;;;
;;OUI;;16;13;;;OUI;OUI;2025-01-08T00:39:05+01:00;;;
;;OUI;;7;24;;;OUI;OUI;2025-01-08T00:42:18+01:00;;;
;;OUI;;16;3;;;OUI;OUI;2025-01-08T00:40:34+01:00;;;
;;OUI;;22;7;;;OUI;OUI;2025-01-08T00:41:12+01:00;;;
;;OUI;;12;8;;;OUI;OUI;2025-01-08T00:39:55+01:00;;;
;;OUI;;20;9;;;OUI;OUI;2025-01-08T00:35:33+01:00;;;
;;OUI;;31;4;;;OUI;OUI;2025-01-08T00:41:50+01:00;;;
;;OUI;;4;27;;;OUI;OUI;2025-01-08T00:42:35+01:00;;;
;;OUI;;15;0;;;OUI;OUI;2025-01-08T00:39:43+01:00;;;
;;OUI;;23;7;;;OUI;OUI;2025-01-08T00:37:10+01:00;;;
;;OUI;;37;6;;;OUI;OUI;2025-01-08T00:39:13+01:00;;;
;;OUI;;28;0;;;NON;NON;2025-01-08T00:34:52+01:00;;;
;;OUI;;16;15;;;OUI;OUI;2025-01-08T00:40:04+01:00;;;
;;OUI;;31;20;;;OUI;OUI;2025-01-08T00:41:26+01:00;;;
;;OUI;;33;5;;;OUI;OUI;2025-01-08T00:39:02+01:00;;;
;;OUI;;7;41;;;OUI;OUI;2025-01-08T00:41:49+01:00;;;
;;OUI;;16;15;;;OUI;OUI;2025-01-08T00:38:06+01:00;;;
;;OUI;;3;23;;;OUI;OUI;2025-01-08T00:42:11+01:00;;;
;;OUI;;15;2;;;OUI;OUI;2025-01-08T00:42:19+01:00;;;
;;OUI;;33;11;;;OUI;OUI;2025-01-08T00:41:43+01:00;;;
;;OUI;;3;24;;;OUI;OUI;2025-01-08T00:41:33+01:00;;;
;;OUI;;3;17;;;OUI;OUI;2025-01-08T00:42:23+01:00;;;
;;OUI;;37;13;;;OUI;OUI;2025-01-08T00:42:37+01:00;;;
;;OUI;;30;4;;;OUI;OUI;2025-01-08T00:40:55+01:00;;;
;;OUI;;0;17;;;OUI;OUI;2025-01-08T00:37:09+01:00;;;
;;OUI;;15;5;;;OUI;OUI;2025-01-08T00:38:50+01:00;;;
;;OUI;;18;0;;;NON;NON;2024-12-02T19:14:22+01:00;;;
;;OUI;;9;17;;;OUI;OUI;2025-01-08T00:40:58+01:00;;;
;;OUI;;6;24;;;OUI;OUI;2025-01-08T00:41:24+01:00;;;
;;OUI;;27;19;;;OUI;OUI;2025-01-08T00:40:49+01:00;;;
;;OUI;;16;10;;;OUI;OUI;2025-01-08T00:39:39+01:00;;;
;;OUI;;20;15;;;OUI;OUI;2025-01-08T00:42:28+01:00;;;
;;OUI;;18;19;;;OUI;OUI;2025-01-08T00:42:19+01:00;;;
;;OUI;;3;18;;;OUI;OUI;2025-01-08T00:42:08+01:00;;;
;;OUI;;24;24;;;OUI;OUI;2025-01-08T00:42:36+01:00;;;
;;OUI;;8;3;;;OUI;OUI;2025-01-08T00:40:19+01:00;;;
;;OUI;;7;31;;;OUI;OUI;2025-01-08T00:38:53+01:00;;;
;;OUI;;30;0;;;NON;NON;2025-01-08T00:33:33+01:00;;;
;;OUI;;14;14;;;OUI;OUI;2025-01-08T00:41:35+01:00;;;
;;OUI;;23;5;;;OUI;OUI;2025-01-08T00:41:09+01:00;;;
;;OUI;;3;66;;;OUI;OUI;2025-01-08T00:42:46+01:00;;;
;;OUI;;16;29;;;OUI;OUI;2025-01-08T00:41:33+01:00;;;
;;OUI;;16;8;;;OUI;OUI;2025-01-08T00:38:21+01:00;;;
;;OUI;;10;3;;;OUI;OUI;2025-01-08T00:35:37+01:00;;;
;;OUI;;16;5;;;OUI;OUI;2025-01-08T00:40:05+01:00;;;
;;OUI;;20;3;;;OUI;OUI;2025-01-08T00:35:18+01:00;;;
;;OUI;;15;2;;;OUI;OUI;2025-01-08T00:38:20+01:00;;;
;;OUI;;31;2;;;OUI;OUI;2025-01-08T00:39:22+01:00;;;
;;OUI;;15;5;;;OUI;OUI;2025-01-08T00:41:23+01:00;;;
;;OUI;;38;10;;;OUI;OUI;2025-01-08T00:42:49+01:00;;;
;;OUI;;16;17;;;OUI;OUI;2025-01-08T00:42:18+01:00;;;
;;OUI;;33;1;;;OUI;OUI;2025-01-08T00:33:39+01:00;;;
;;OUI;;35;6;;;OUI;OUI;2025-01-08T00:40:50+01:00;;;
;;OUI;;16;4;;;OUI;OUI;2025-01-08T00:37:31+01:00;;;
;;OUI;;21;3;;;OUI;OUI;2025-01-08T00:42:37+01:00;;;
;;OUI;;9;22;;;OUI;OUI;2025-01-08T00:41:18+01:00;;;
;;OUI;;36;4;;;OUI;OUI;2025-01-08T00:42:18+01:00;;;
;;OUI;;22;6;;;OUI;OUI;2025-01-08T00:41:31+01:00;;;
;;OUI;;3;29;;;OUI;OUI;2025-01-08T00:40:00+01:00;;;
;;OUI;;16;20;;;OUI;OUI;2025-01-08T00:42:21+01:00;;;
;;OUI;;18;2;;;OUI;OUI;2025-01-08T00:39:59+01:00;;;
;;OUI;;22;15;;;OUI;OUI;2025-01-08T00:40:48+01:00;;;
;;OUI;;15;9;;;OUI;OUI;2025-01-08T00:34:19+01:00;;;
;;OUI;;4;18;;;OUI;OUI;2025-01-08T00:36:18+01:00;;;
;;OUI;;0;23;;;OUI;OUI;2025-01-08T00:42:33+01:00;;;
;;OUI;;32;1;;;OUI;OUI;2025-01-08T00:35:51+01:00;;;
;;OUI;;19;10;;;OUI;OUI;2025-01-08T00:42:27+01:00;;;
;;OUI;;17;4;;;OUI;OUI;2025-01-08T00:38:16+01:00;;;
;;OUI;;33;9;;;OUI;OUI;2025-01-08T00:42:07+01:00;;;
;;OUI;;22;9;;;OUI;OUI;2025-01-08T00:39:22+01:00;;;
;;OUI;;15;3;;;OUI;OUI;2025-01-08T00:40:51+01:00;;;
;;OUI;;17;5;;;OUI;OUI;2025-01-08T00:40:41+01:00;;;
;;OUI;;0;40;;;OUI;OUI;2025-01-08T00:41:33+01:00;;;
;;OUI;;8;15;;;OUI;OUI;2025-01-08T00:42:10+01:00;;;
;;OUI;;11;11;;;OUI;OUI;2025-01-08T00:42:17+01:00;;;
;;OUI;;24;2;;;OUI;OUI;2025-01-08T00:40:01+01:00;;;
;;OUI;;5;6;;;OUI;OUI;2025-01-08T00:35:42+01:00;;;
;;OUI;;14;60;;;OUI;OUI;2025-01-08T00:42:45+01:00;;;
;;OUI;;18;20;;;OUI;OUI;2025-01-08T00:33:41+01:00;;;
;;OUI;;37;4;;;OUI;OUI;2025-01-08T00:38:30+01:00;;;
;;OUI;;16;4;;;OUI;OUI;2025-01-08T00:39:26+01:00;;;
;;OUI;;33;12;;;OUI;OUI;2025-01-08T00:35:43+01:00;;;
;;OUI;;11;36;;;OUI;OUI;2025-01-08T00:41:54+01:00;;;
;;OUI;;12;9;;;OUI;OUI;2025-01-08T00:41:16+01:00;;;
;;OUI;;21;7;;;OUI;OUI;2025-01-08T00:40:53+01:00;;;
;;OUI;;14;32;;;OUI;OUI;2025-01-08T00:41:08+01:00;;;
;;OUI;;40;6;;;OUI;OUI;2025-01-08T00:42:13+01:00;;;
;;OUI;;37;4;;;OUI;OUI;2025-01-08T00:35:36+01:00;;;
;;OUI;;2;29;;;OUI;OUI;2025-01-08T00:41:48+01:00;;;
;;OUI;;8;19;;;OUI;OUI;2025-01-08T00:40:21+01:00;;;
;;OUI;;5;20;;;OUI;OUI;2025-01-08T00:40:08+01:00;;;
;;OUI;;5;20;;;OUI;OUI;2025-01-08T00:38:56+01:00;;;
;;OUI;;15;15;;;OUI;OUI;2025-01-08T00:41:30+01:00;;;
;;OUI;;17;4;;;OUI;OUI;2025-01-08T00:37:19+01:00;;;
;;OUI;;16;1;;;OUI;OUI;2025-01-08T00:42:19+01:00;;;
;;OUI;;3;17;;;OUI;OUI;2025-01-08T00:37:21+01:00;;;
;;OUI;;21;2;;;OUI;OUI;2025-01-08T00:41:18+01:00;;;
;;OUI;;21;15;;;OUI;OUI;2025-01-08T00:42:02+01:00;;;
;;OUI;;32;4;;;OUI;OUI;2025-01-08T00:39:52+01:00;;;
;;OUI;;19;14;;;OUI;OUI;2025-01-08T00:35:57+01:00;;;
;;OUI;;25;10;;;OUI;OUI;2025-01-08T00:38:10+01:00;;;
;;OUI;;12;11;;;OUI;OUI;2025-01-08T00:42:47+01:00;;;
;;OUI;;22;2;;;OUI;OUI;2025-01-08T00:37:51+01:00;;;
;;OUI;;5;31;;;OUI;OUI;2025-01-08T00:41:05+01:00;;;
;;OUI;;42;8;;;OUI;OUI;2025-01-08T00:42:11+01:00;;;
;;OUI;;1;21;;;OUI;OUI;2025-01-08T00:39:32+01:00;;;
;;OUI;;21;9;;;OUI;OUI;2025-01-08T00:37:11+01:00;;;
;;OUI;;29;18;;;OUI;OUI;2025-01-08T00:35:51+01:00;;;
;;OUI;;30;6;;;OUI;OUI;2025-01-08T00:41:15+01:00;;;
;;OUI;;12;18;;;OUI;OUI;2025-01-08T00:40:39+01:00;;;
;;OUI;;10;8;;;OUI;OUI;2025-01-08T00:41:11+01:00;;;
;;OUI;;14;8;;;OUI;OUI;2025-01-08T00:40:13+01:00;;;
;;OUI;;33;11;;;OUI;OUI;2025-01-08T00:38:32+01:00;;;
;;OUI;;10;13;;;OUI;OUI;2025-01-08T00:42:22+01:00;;;
;;OUI;;2;28;;;OUI;OUI;2025-01-08T00:39:04+01:00;;;
;;OUI;;28;6;;;OUI;OUI;2025-01-08T00:40:40+01:00;;;
;;OUI;;7;23;;;OUI;OUI;2025-01-08T00:41:11+01:00;;;
;;OUI;;8;13;;;OUI;OUI;2025-01-08T00:38:36+01:00;;;
;;OUI;;34;6;;;OUI;OUI;2025-01-08T00:40:02+01:00;;;
;;OUI;;35;4;;;OUI;OUI;2025-01-08T00:41:42+01:00;;;
;;OUI;;0;0;;;NON;NON;2024-10-07T19:15:37+02:00;;;
;;OUI;;34;17;;;OUI;OUI;2025-01-08T00:42:33+01:00;;;
;;OUI;;27;3;;;OUI;OUI;2025-01-08T00:41:03+01:00;;;
;;OUI;;8;16;;;OUI;OUI;2025-01-08T00:41:04+01:00;;;
;;OUI;;18;5;;;OUI;OUI;2025-01-08T00:42:45+01:00;;;
;;OUI;;7;11;;;OUI;OUI;2025-01-08T00:40:30+01:00;;;
;;OUI;;13;12;;;OUI;OUI;2025-01-08T00:37:19+01:00;;;
;;OUI;;5;15;;;OUI;OUI;2025-01-08T00:38:12+01:00;;;
;;OUI;;19;26;;;OUI;OUI;2025-01-08T00:42:50+01:00;;;
;;OUI;;18;5;;;OUI;OUI;2025-01-08T00:41:17+01:00;;;
;;OUI;;6;22;;;OUI;OUI;2025-01-08T00:42:35+01:00;;;
;;OUI;;23;6;;;OUI;OUI;2025-01-08T00:38:16+01:00;;;
;;OUI;;4;13;;;OUI;OUI;2025-01-08T00:42:47+01:00;;;
;;OUI;;15;9;;;OUI;OUI;2025-01-08T00:41:43+01:00;;;
;;OUI;;25;6;;;OUI;OUI;2025-01-08T00:41:29+01:00;;;
;;OUI;;21;4;;;OUI;OUI;2025-01-08T00:39:45+01:00;;;
;;OUI;;21;9;;;OUI;OUI;2025-01-08T00:34:42+01:00;;;
;;OUI;;10;6;;;OUI;OUI;2025-01-08T00:41:54+01:00;;;
;;OUI;;27;5;;;OUI;OUI;2025-01-08T00:39:41+01:00;;;
;;OUI;;20;17;;;OUI;OUI;2025-01-08T00:41:51+01:00;;;
;;OUI;;11;28;;;OUI;OUI;2025-01-08T00:41:53+01:00;;;
;;OUI;;29;1;;;OUI;OUI;2025-01-08T00:35:48+01:00;;;
;;OUI;;24;2;;;OUI;OUI;2025-01-08T00:39:12+01:00;;;
;;OUI;;33;12;;;OUI;OUI;2025-01-08T00:38:15+01:00;;;
;;OUI;;28;12;;;OUI;OUI;2025-01-08T00:40:57+01:00;;;
;;OUI;;4;25;;;OUI;OUI;2025-01-08T00:41:38+01:00;;;
;;OUI;;7;38;;;OUI;OUI;2025-01-08T00:42:38+01:00;;;
;;OUI;;1;31;;;OUI;OUI;2025-01-08T00:40:46+01:00;;;
;;OUI;;19;11;;;OUI;OUI;2025-01-08T00:42:16+01:00;;;
;;OUI;;14;13;;;OUI;OUI;2025-01-08T00:42:44+01:00;;;
;;OUI;;12;8;;;OUI;OUI;2025-01-08T00:36:07+01:00;;;
;;OUI;;20;2;;;OUI;OUI;2025-01-08T00:37:24+01:00;;;
;;OUI;;21;16;;;OUI;OUI;2025-01-08T00:40:51+01:00;;;
;;OUI;;1;32;;;OUI;OUI;2025-01-08T00:40:44+01:00;;;
;;OUI;;37;2;;;OUI;OUI;2025-01-08T00:40:10+01:00;;;
;;OUI;;13;17;;;OUI;OUI;2025-01-08T00:37:24+01:00;;;
;;OUI;;23;15;;;OUI;OUI;2025-01-08T00:42:26+01:00;;;
;;OUI;;21;6;;;OUI;OUI;2025-01-08T00:42:35+01:00;;;
;;OUI;;9;18;;;OUI;OUI;2025-01-08T00:42:27+01:00;;;
;;OUI;;1;25;;;OUI;OUI;2025-01-08T00:42:29+01:00;;;
;;OUI;;25;7;;;OUI;OUI;2025-01-08T00:36:52+01:00;;;
;;OUI;;10;4;;;OUI;OUI;2025-01-08T00:42:23+01:00;;;
;;OUI;;2;28;;;OUI;OUI;2025-01-08T00:35:52+01:00;;;
;;OUI;;2;12;;;OUI;OUI;2025-01-08T00:41:59+01:00;;;
;;OUI;;38;5;;;OUI;OUI;2025-01-08T00:40:24+01:00;;;
;;OUI;;10;7;;;OUI;OUI;2025-01-08T00:42:02+01:00;;;
;;OUI;;23;13;;;OUI;OUI;2025-01-08T00:35:38+01:00;;;
;;OUI;;23;4;;;OUI;OUI;2025-01-08T00:42:45+01:00;;;
;;OUI;;18;7;;;OUI;OUI;2025-01-08T00:39:26+01:00;;;
;;OUI;;1;19;;;OUI;OUI;2025-01-08T00:42:51+01:00;;;
;;OUI;;8;25;;;OUI;OUI;2025-01-08T00:42:23+01:00;;;
;;OUI;;23;2;;;OUI;OUI;2025-01-08T00:36:37+01:00;;;
;;OUI;;1;41;;;OUI;OUI;2025-01-08T00:40:03+01:00;;;
;;OUI;;4;16;;;OUI;OUI;2025-01-08T00:42:24+01:00;;;
;;OUI;;16;0;;;OUI;OUI;2025-01-08T00:42:11+01:00;;;
;;OUI;;18;26;;;OUI;OUI;2025-01-08T00:38:53+01:00;;;
;;OUI;;34;4;;;OUI;OUI;2025-01-08T00:36:04+01:00;;;
;;OUI;;18;5;;;OUI;OUI;2025-01-08T00:37:30+01:00;;;
;;OUI;;37;25;;;OUI;OUI;2025-01-08T00:42:30+01:00;;;
;;OUI;;3;34;;;OUI;OUI;2025-01-08T00:41:45+01:00;;;
;;NON;;1;0;;;NON;NON;2024-10-08T10:49:38+02:00;;;
;;OUI;;30;17;;;OUI;OUI;2025-01-08T00:39:25+01:00;;;
;;OUI;;15;5;;;OUI;OUI;2025-01-08T00:35:51+01:00;;;
;;OUI;;3;24;;;OUI;OUI;2025-01-08T00:40:45+01:00;;;
;;OUI;;11;19;;;OUI;OUI;2025-01-08T00:40:26+01:00;;;
;;OUI;;17;6;;;OUI;OUI;2025-01-08T00:35:27+01:00;;;
;;OUI;;4;36;;;OUI;OUI;2025-01-08T00:42:24+01:00;;;
;;OUI;;4;18;;;OUI;OUI;2025-01-08T00:41:01+01:00;;;
;;OUI;;8;12;;;OUI;OUI;2025-01-08T00:41:52+01:00;;;
;;OUI;;23;5;;;OUI;OUI;2025-01-08T00:36:50+01:00;;;
;;OUI;;0;0;;;NON;NON;2024-12-01T06:15:29+01:00;;;
;;OUI;;7;35;;;OUI;OUI;2025-01-08T00:42:00+01:00;;;
;;OUI;;5;23;;;OUI;OUI;2025-01-08T00:42:02+01:00;;;
;;OUI;;15;18;;;OUI;OUI;2025-01-08T00:42:07+01:00;;;
;;OUI;;7;15;;;OUI;OUI;2025-01-08T00:40:02+01:00;;;
;;OUI;;29;22;;;OUI;OUI;2025-01-08T00:38:29+01:00;;;
;;OUI;;8;25;;;OUI;OUI;2025-01-08T00:40:46+01:00;;;
;;OUI;;19;5;;;OUI;OUI;2025-01-08T00:40:11+01:00;;;
;;OUI;;33;29;;;OUI;OUI;2025-01-08T00:39:27+01:00;;;
;;OUI;;26;7;;;OUI;OUI;2025-01-08T00:41:17+01:00;;;
;;OUI;;2;23;;;OUI;OUI;2025-01-08T00:42:27+01:00;;;
;;OUI;;11;31;;;OUI;OUI;2025-01-08T00:41:32+01:00;;;
;;OUI;;15;7;;;OUI;OUI;2025-01-08T00:42:10+01:00;;;
;;OUI;;27;18;;;OUI;OUI;2025-01-08T00:35:23+01:00;;;
;;OUI;;24;2;;;OUI;OUI;2025-01-08T00:35:36+01:00;;;
;;OUI;;2;28;;;OUI;OUI;2025-01-08T00:41:46+01:00;;;
;;OUI;;32;3;;;OUI;OUI;2025-01-08T00:34:58+01:00;;;
;;OUI;;34;9;;;OUI;OUI;2025-01-08T00:38:38+01:00;;;
;;OUI;;8;20;;;OUI;OUI;2025-01-08T00:42:01+01:00;;;
;;OUI;;23;9;;;OUI;OUI;2025-01-08T00:39:39+01:00;;;
;;OUI;;25;0;;;NON;NON;2021-02-21T20:09:18+01:00;;;
;;OUI;;13;7;;;OUI;OUI;2025-01-08T00:33:51+01:00;;;
;;OUI;;10;11;;;OUI;OUI;2025-01-08T00:38:00+01:00;;;
;;OUI;;23;15;;;OUI;OUI;2025-01-08T00:39:40+01:00;;;
;;OUI;;4;40;;;OUI;OUI;2025-01-08T00:41:49+01:00;;;
;;OUI;;14;19;;;OUI;OUI;2025-01-08T00:42:49+01:00;;;
;;OUI;;8;34;;;OUI;OUI;2025-01-08T00:41:04+01:00;;;
;;OUI;;18;12;;;OUI;OUI;2025-01-08T00:37:21+01:00;;;
;;OUI;;23;17;;;OUI;OUI;2025-01-08T00:39:10+01:00;;;
;;OUI;;0;23;;;OUI;OUI;2025-01-08T00:41:47+01:00;;;
;;OUI;;9;34;;;OUI;OUI;2025-01-08T00:41:42+01:00;;;
;;OUI;;30;6;;;OUI;OUI;2025-01-08T00:42:37+01:00;;;
;;OUI;;17;3;;;OUI;OUI;2025-01-08T00:40:48+01:00;;;
;;OUI;;19;0;;;NON;NON;2024-12-03T05:34:28+01:00;;;
;;OUI;;1;14;;;OUI;OUI;2025-01-08T00:42:02+01:00;;;
;;OUI;;8;44;;;OUI;OUI;2025-01-08T00:41:32+01:00;;;
;;OUI;;26;8;;;OUI;OUI;2025-01-08T00:41:36+01:00;;;
;;OUI;;8;30;;;OUI;OUI;2025-01-08T00:39:51+01:00;;;
;;OUI;;36;3;;;OUI;OUI;2025-01-08T00:37:36+01:00;;;
;;OUI;;18;18;;;OUI;OUI;2025-01-08T00:41:20+01:00;;;
;;OUI;;14;11;;;OUI;OUI;2025-01-08T00:41:08+01:00;;;
;;OUI;;12;3;;;OUI;OUI;2025-01-08T00:39:16+01:00;;;
;;OUI;;12;20;;;OUI;OUI;2025-01-08T00:41:50+01:00;;;
;;OUI;;1;36;;;OUI;OUI;2025-01-08T00:41:59+01:00;;;
;;OUI;;11;34;;;OUI;OUI;2025-01-08T00:41:24+01:00;;;
;;OUI;;6;6;;;OUI;OUI;2025-01-08T00:36:15+01:00;;;
;;OUI;;35;5;;;OUI;OUI;2025-01-08T00:39:47+01:00;;;
;;OUI;;34;1;;;OUI;OUI;2025-01-08T00:41:33+01:00;;;
;;OUI;;15;25;;;OUI;OUI;2025-01-08T00:41:52+01:00;;;
;;OUI;;34;2;;;OUI;OUI;2025-01-08T00:38:39+01:00;;;
;;OUI;;2;22;;;OUI;OUI;2025-01-08T00:42:12+01:00;;;
;;OUI;;20;12;;;OUI;OUI;2025-01-08T00:34:25+01:00;;;
;;OUI;;21;11;;;OUI;OUI;2025-01-08T00:36:29+01:00;;;
;;OUI;;38;1;;;OUI;OUI;2025-01-08T00:37:13+01:00;;;
;;OUI;;5;16;;;OUI;OUI;2025-01-08T00:42:44+01:00;;;
;;OUI;;30;2;;;OUI;OUI;2025-01-08T00:36:40+01:00;;;
;;OUI;;28;10;;;OUI;OUI;2025-01-08T00:37:50+01:00;;;
;;OUI;;25;4;;;OUI;OUI;2025-01-08T00:35:38+01:00;;;
;;OUI;;12;20;;;OUI;OUI;2025-01-08T00:38:04+01:00;;;
;;OUI;;7;10;;;OUI;OUI;2025-01-08T00:38:16+01:00;;;
;;OUI;;10;10;;;OUI;OUI;2025-01-08T00:39:07+01:00;;;
;;OUI;;21;21;;;OUI;OUI;2025-01-08T00:40:55+01:00;;;
;;OUI;;25;5;;;OUI;OUI;2025-01-08T00:38:19+01:00;;;
;;OUI;;2;19;;;OUI;OUI;2025-01-08T00:36:23+01:00;;;
;;OUI;;1;23;;;OUI;OUI;2025-01-08T00:40:04+01:00;;;
;;OUI;;2;39;;;OUI;OUI;2025-01-08T00:42:12+01:00;;;
;;OUI;;14;18;;;OUI;OUI;2025-01-08T00:37:42+01:00;;;
;;OUI;;15;9;;;OUI;OUI;2025-01-08T00:41:00+01:00;;;
;;OUI;;25;14;;;OUI;OUI;2025-01-08T00:42:06+01:00;;;
;;OUI;;0;46;;;OUI;OUI;2025-01-08T00:42:04+01:00;;;
;;OUI;;35;1;;;OUI;OUI;2025-01-08T00:35:44+01:00;;;
;;OUI;;15;5;;;OUI;OUI;2025-01-08T00:42:35+01:00;;;
;;OUI;;13;17;;;OUI;OUI;2025-01-08T00:40:57+01:00;;;
;;OUI;;3;20;;;OUI;OUI;2025-01-08T00:41:39+01:00;;;
;;OUI;;17;0;;;OUI;OUI;2025-01-08T00:37:39+01:00;;;
;;OUI;;0;22;;;OUI;OUI;2025-01-08T00:42:36+01:00;;;
;;OUI;;0;0;;;NON;NON;2018-05-25T10:09:58+02:00;;;
;;OUI;;7;12;;;OUI;OUI;2025-01-08T00:37:14+01:00;;;
;;OUI;;24;7;;;OUI;OUI;2025-01-08T00:39:32+01:00;;;
;;OUI;;12;10;;;OUI;OUI;2025-01-08T00:41:50+01:00;;;
;;OUI;;0;20;;;OUI;OUI;2025-01-08T00:41:43+01:00;;;
;;OUI;;3;18;;;OUI;OUI;2025-01-08T00:42:04+01:00;;;
;;OUI;;11;7;;;OUI;OUI;2025-01-08T00:36:23+01:00;;;
;;OUI;;2;22;;;OUI;OUI;2025-01-08T00:42:16+01:00;;;
;;OUI;;40;2;;;OUI;OUI;2025-01-08T00:33:04+01:00;;;
;;OUI;;5;7;;;OUI;OUI;2025-01-08T00:41:05+01:00;;;
;;OUI;;31;29;;;OUI;OUI;2025-01-08T00:42:43+01:00;;;
;;OUI;;18;2;;;OUI;OUI;2025-01-08T00:33:29+01:00;;;
;;OUI;;31;5;;;OUI;OUI;2025-01-08T00:38:51+01:00;;;
;;OUI;;30;0;;;OUI;OUI;2025-01-08T00:37:32+01:00;;;
;;OUI;;26;1;;;OUI;OUI;2025-01-08T00:41:39+01:00;;;
;;OUI;;16;4;;;OUI;OUI;2025-01-08T00:42:27+01:00;;;
;;OUI;;2;20;;;OUI;OUI;2025-01-08T00:39:21+01:00;;;
;;OUI;;13;15;;;OUI;OUI;2025-01-08T00:40:11+01:00;;;
;;OUI;;11;17;;;OUI;OUI;2025-01-08T00:41:39+01:00;;;
;;OUI;;26;3;;;OUI;OUI;2025-01-08T00:42:36+01:00;;;
;;OUI;;41;2;;;OUI;OUI;2025-01-08T00:38:54+01:00;;;
;;OUI;;9;16;;;OUI;OUI;2025-01-08T00:42:20+01:00;;;
;;OUI;;39;23;;;OUI;OUI;2025-01-08T00:42:27+01:00;;;
;;OUI;;7;44;;;OUI;OUI;2025-01-08T00:41:35+01:00;;;
;;OUI;;25;5;;;OUI;OUI;2025-01-08T00:40:08+01:00;;;
;;OUI;;18;6;;;OUI;OUI;2025-01-08T00:39:03+01:00;;;
;;OUI;;26;5;;;OUI;OUI;2025-01-08T00:39:16+01:00;;;
;;OUI;;48;15;;;OUI;OUI;2025-01-08T00:38:41+01:00;;;
;;OUI;;31;2;;;OUI;OUI;2025-01-08T00:35:48+01:00;;;
;;OUI;;16;11;;;OUI;OUI;2025-01-08T00:41:24+01:00;;;
;;OUI;;30;0;;;OUI;OUI;2025-01-08T00:37:37+01:00;;;
;;OUI;;17;8;;;OUI;OUI;2025-01-08T00:34:11+01:00;;;
;;OUI;;2;21;;;OUI;OUI;2025-01-08T00:36:55+01:00;;;
;;OUI;;21;15;;;OUI;OUI;2025-01-08T00:41:05+01:00;;;
;;OUI;;3;17;;;OUI;OUI;2025-01-08T00:38:45+01:00;;;
;;OUI;;10;6;;;OUI;OUI;2025-01-08T00:33:17+01:00;;;
;;OUI;;43;2;;;OUI;OUI;2025-01-08T00:38:21+01:00;;;
;;OUI;;0;20;;;OUI;OUI;2025-01-08T00:38:59+01:00;;;
;;OUI;;4;15;;;OUI;OUI;2025-01-08T00:41:57+01:00;;;
;;OUI;;23;3;;;OUI;OUI;2025-01-08T00:35:44+01:00;;;
;;OUI;;25;5;;;OUI;OUI;2025-01-08T00:42:14+01:00;;;
;;OUI;;14;18;;;OUI;OUI;2025-01-08T00:40:57+01:00;;;
;;OUI;;6;23;;;OUI;OUI;2025-01-08T00:42:29+01:00;;;
;;OUI;;11;17;;;OUI;OUI;2025-01-08T00:40:09+01:00;;;
;;OUI;;7;9;;;OUI;OUI;2025-01-08T00:37:01+01:00;;;
;;OUI;;21;1;;;OUI;OUI;2025-01-08T00:35:56+01:00;;;
;;OUI;;8;17;;;OUI;OUI;2025-01-08T00:42:38+01:00;;;
;;OUI;;15;9;;;OUI;OUI;2025-01-08T00:38:25+01:00;;;
;;OUI;;13;7;;;OUI;OUI;2025-01-08T00:39:57+01:00;;;
;;OUI;;28;12;;;OUI;OUI;2025-01-08T00:41:16+01:00;;;
;;OUI;;1;27;;;OUI;OUI;2025-01-08T00:41:24+01:00;;;
;;OUI;;0;0;;;NON;NON;2024-09-27T10:30:14+02:00;;;
;;OUI;;3;17;;;OUI;OUI;2025-01-08T00:42:10+01:00;;;
;;OUI;;7;14;;;OUI;OUI;2025-01-08T00:41:50+01:00;;;
;;OUI;;43;10;;;OUI;OUI;2025-01-08T00:41:34+01:00;;;
;;OUI;;32;5;;;OUI;OUI;2025-01-08T00:37:24+01:00;;;
;;OUI;;1;31;;;OUI;OUI;2025-01-08T00:42:43+01:00;;;
;;OUI;;18;9;;;OUI;OUI;2025-01-08T00:34:26+01:00;;;
;;NON;;32;1;;;NON;NON;2024-06-02T08:46:29+02:00;;;
;;OUI;;8;18;;;OUI;OUI;2025-01-08T00:42:41+01:00;;;
;;OUI;;32;8;;;OUI;OUI;2025-01-08T00:33:13+01:00;;;
;;OUI;;24;5;;;OUI;OUI;2025-01-08T00:42:48+01:00;;;
;;OUI;;3;32;;;OUI;OUI;2025-01-08T00:42:45+01:00;;;
;;OUI;;11;6;;;OUI;OUI;2025-01-08T00:39:19+01:00;;;
;;OUI;;0;23;;;OUI;OUI;2025-01-08T00:37:33+01:00;;;
;;OUI;;15;7;;;OUI;OUI;2025-01-08T00:40:46+01:00;;;
;;OUI;;3;25;;;OUI;OUI;2025-01-08T00:42:19+01:00;;;
;;OUI;;18;13;;;OUI;OUI;2025-01-08T00:40:14+01:00;;;
;;OUI;;27;6;;;OUI;OUI;2025-01-08T00:41:49+01:00;;;
;;OUI;;6;16;;;OUI;OUI;2025-01-08T00:41:33+01:00;;;
;;OUI;;10;20;;;OUI;OUI;2025-01-08T00:40:31+01:00;;;
;;OUI;;26;7;;;OUI;OUI;2025-01-08T00:38:15+01:00;;;
;;OUI;;17;9;;;OUI;OUI;2025-01-08T00:37:54+01:00;;;
;;OUI;;4;12;;;OUI;OUI;2025-01-08T00:42:13+01:00;;;
;;OUI;;31;9;;;OUI;OUI;2025-01-08T00:34:43+01:00;;;
;;OUI;;14;8;;;OUI;OUI;2025-01-08T00:42:37+01:00;;;
;;OUI;;39;3;;;OUI;OUI;2025-01-08T00:39:41+01:00;;;
;;OUI;;22;5;;;OUI;OUI;2025-01-08T00:42:15+01:00;;;
;;OUI;;5;13;;;OUI;OUI;2025-01-08T00:40:53+01:00;;;
;;OUI;;21;3;;;OUI;OUI;2025-01-08T00:36:34+01:00;;;
;;OUI;;7;17;;;OUI;OUI;2025-01-08T00:38:01+01:00;;;
;;OUI;;15;17;;;OUI;OUI;2025-01-08T00:40:50+01:00;;;
;;OUI;;12;10;;;OUI;OUI;2025-01-08T00:41:24+01:00;;;
;;OUI;;18;19;;;OUI;OUI;2025-01-08T00:38:42+01:00;;;
;;OUI;;0;17;;;OUI;OUI;2025-01-08T00:41:09+01:00;;;
;;OUI;;27;6;;;OUI;OUI;2025-01-08T00:40:47+01:00;;;
;;OUI;;7;19;;;OUI;OUI;2025-01-08T00:42:45+01:00;;;
;;OUI;;6;19;;;OUI;OUI;2025-01-08T00:38:04+01:00;;;
;;OUI;;4;21;;;OUI;OUI;2025-01-08T00:38:08+01:00;;;
;;OUI;;29;15;;;OUI;OUI;2025-01-08T00:42:35+01:00;;;
;;OUI;;26;6;;;OUI;OUI;2025-01-08T00:34:32+01:00;;;
;;OUI;;29;11;;;OUI;OUI;2025-01-08T00:42:49+01:00;;;
;;OUI;;10;20;;;OUI;OUI;2025-01-08T00:40:43+01:00;;;
;;OUI;;31;4;;;OUI;OUI;2025-01-08T00:38:36+01:00;;;
;;OUI;;8;10;;;OUI;OUI;2025-01-08T00:38:48+01:00;;;
;;OUI;;9;19;;;OUI;OUI;2025-01-08T00:41:37+01:00;;;
;;OUI;;9;14;;;OUI;OUI;2025-01-08T00:40:53+01:00;;;
;;OUI;;18;9;;;OUI;OUI;2025-01-08T00:39:58+01:00;;;
;;OUI;;2;18;;;OUI;OUI;2025-01-08T00:42:38+01:00;;;
;;OUI;;20;0;;;OUI;OUI;2025-01-08T00:41:54+01:00;;;
;;OUI;;11;7;;;OUI;OUI;2025-01-08T00:42:04+01:00;;;
;;OUI;;15;5;;;OUI;OUI;2025-01-08T00:36:37+01:00;;;
;;OUI;;4;17;;;OUI;OUI;2025-01-08T00:41:34+01:00;;;
;;OUI;;7;37;;;OUI;OUI;2025-01-08T00:42:19+01:00;;;
;;OUI;;24;4;;;OUI;OUI;2025-01-08T00:38:27+01:00;;;
;;OUI;;1;28;;;OUI;OUI;2025-01-08T00:42:39+01:00;;;
;;OUI;;15;15;;;OUI;OUI;2025-01-08T00:42:03+01:00;;;
;;OUI;;15;5;;;OUI;OUI;2025-01-08T00:41:38+01:00;;;
;;OUI;;11;13;;;OUI;OUI;2025-01-08T00:37:48+01:00;;;
;;OUI;;24;5;;;OUI;OUI;2025-01-08T00:40:43+01:00;;;
;;OUI;;18;8;;;OUI;OUI;2025-01-08T00:37:24+01:00;;;
;;OUI;;47;8;;;OUI;OUI;2025-01-08T00:36:24+01:00;;;
;;OUI;;19;7;;;OUI;OUI;2025-01-08T00:35:07+01:00;;;
;;OUI;;24;11;;;OUI;OUI;2025-01-08T00:33:45+01:00;;;
;;OUI;;12;8;;;OUI;OUI;2025-01-08T00:40:27+01:00;;;
;;OUI;;20;2;;;OUI;OUI;2025-01-08T00:40:29+01:00;;;
;;OUI;;7;15;;;OUI;OUI;2025-01-08T00:42:14+01:00;;;
;;OUI;;15;10;;;OUI;OUI;2025-01-08T00:40:39+01:00;;;
;;OUI;;2;28;;;OUI;OUI;2025-01-08T00:39:39+01:00;;;
;;OUI;;45;4;;;OUI;OUI;2025-01-08T00:40:18+01:00;;;
;;OUI;;7;13;;;OUI;OUI;2025-01-08T00:42:02+01:00;;;
;;OUI;;8;16;;;OUI;OUI;2025-01-08T00:42:39+01:00;;;
;;OUI;;27;7;;;OUI;OUI;2025-01-08T00:39:45+01:00;;;
;;OUI;;7;7;;;OUI;OUI;2025-01-08T00:35:36+01:00;;;
;;OUI;;14;13;;;OUI;OUI;2025-01-08T00:42:32+01:00;;;
;;OUI;;37;7;;;OUI;OUI;2025-01-08T00:37:43+01:00;;;
;;OUI;;18;8;;;OUI;OUI;2025-01-08T00:34:44+01:00;;;
;;OUI;;47;6;;;OUI;OUI;2025-01-08T00:41:54+01:00;;;
;;OUI;;37;9;;;OUI;OUI;2025-01-08T00:40:29+01:00;;;
;;OUI;;14;10;;;OUI;OUI;2025-01-08T00:42:21+01:00;;;
;;OUI;;10;14;;;OUI;OUI;2025-01-08T00:41:45+01:00;;;
;;OUI;;2;19;;;OUI;OUI;2025-01-08T00:37:36+01:00;;;
;;OUI;;60;5;;;OUI;OUI;2025-01-08T00:40:35+01:00;;;
;;OUI;;2;17;;;OUI;OUI;2025-01-08T00:42:24+01:00;;;
;;OUI;;22;8;;;OUI;OUI;2025-01-08T00:41:56+01:00;;;
;;OUI;;14;21;;;OUI;OUI;2025-01-08T00:40:22+01:00;;;
;;OUI;;9;34;;;OUI;OUI;2025-01-08T00:42:46+01:00;;;
;;OUI;;1;27;;;OUI;OUI;2025-01-08T00:42:09+01:00;;;
;;OUI;;9;13;;;OUI;OUI;2025-01-08T00:42:18+01:00;;;
;;OUI;;18;13;;;OUI;OUI;2025-01-08T00:41:17+01:00;;;
;;OUI;;19;18;;;OUI;OUI;2025-01-08T00:42:13+01:00;;;
;;OUI;;7;23;;;OUI;OUI;2025-01-08T00:41:12+01:00;;;
;;OUI;;28;4;;;OUI;OUI;2025-01-08T00:41:55+01:00;;;
;;OUI;;20;4;;;OUI;OUI;2025-01-08T00:41:06+01:00;;;
;;OUI;;19;9;;;OUI;OUI;2025-01-08T00:41:57+01:00;;;
;;OUI;;20;5;;;OUI;OUI;2025-01-08T00:33:08+01:00;;;
;;OUI;;19;2;;;OUI;OUI;2025-01-08T00:41:53+01:00;;;
;;OUI;;10;31;;;OUI;OUI;2025-01-08T00:41:05+01:00;;;
;;OUI;;36;1;;;OUI;OUI;2025-01-08T00:38:22+01:00;;;
;;OUI;;8;19;;;OUI;OUI;2025-01-08T00:37:30+01:00;;;
;;OUI;;22;4;;;OUI;OUI;2025-01-08T00:42:14+01:00;;;
;;OUI;;10;26;;;OUI;OUI;2025-01-08T00:42:33+01:00;;;
;;OUI;;27;8;;;OUI;OUI;2025-01-08T00:40:20+01:00;;;
;;OUI;;18;4;;;OUI;OUI;2025-01-08T00:39:11+01:00;;;
;;OUI;;7;21;;;OUI;OUI;2025-01-08T00:39:44+01:00;;;
;;OUI;;19;47;;;OUI;OUI;2025-01-08T00:42:35+01:00;;;
;;OUI;;1;32;;;OUI;OUI;2025-01-08T00:41:08+01:00;;;
;;OUI;;17;5;;;OUI;OUI;2025-01-08T00:39:11+01:00;;;
;;OUI;;5;18;;;OUI;OUI;2025-01-08T00:42:31+01:00;;;
;;OUI;;24;7;;;OUI;OUI;2025-01-08T00:38:53+01:00;;;
;;OUI;;13;9;;;OUI;OUI;2025-01-08T00:42:51+01:00;;;
;;OUI;;9;13;;;OUI;OUI;2025-01-08T00:42:40+01:00;;;
;;OUI;;13;13;;;OUI;OUI;2025-01-08T00:39:18+01:00;;;
;;OUI;;33;12;;;OUI;OUI;2025-01-08T00:40:44+01:00;;;
;;OUI;;11;23;;;OUI;OUI;2025-01-08T00:39:07+01:00;;;
;;OUI;;20;10;;;OUI;OUI;2025-01-08T00:36:59+01:00;;;
;;OUI;;19;9;;;OUI;OUI;2025-01-08T00:37:19+01:00;;;
;;OUI;;0;0;;;NON;NON;2024-01-30T23:37:44+01:00;;;
;;OUI;;14;23;;;OUI;OUI;2025-01-08T00:39:34+01:00;;;
;;OUI;;35;0;;;OUI;OUI;2025-01-08T00:34:32+01:00;;;
;;OUI;;16;6;;;OUI;OUI;2025-01-08T00:39:59+01:00;;;
;;OUI;;8;20;;;OUI;OUI;2025-01-08T00:40:29+01:00;;;
;;OUI;;13;42;;;OUI;OUI;2025-01-08T00:40:35+01:00;;;
;;OUI;;32;3;;;OUI;OUI;2025-01-08T00:40:34+01:00;;;
;;OUI;;15;5;;;OUI;OUI;2025-01-08T00:38:07+01:00;;;
;;OUI;;22;6;;;OUI;OUI;2025-01-08T00:37:20+01:00;;;
;;OUI;;41;3;;;OUI;OUI;2025-01-08T00:35:59+01:00;;;
;;OUI;;28;2;;;OUI;OUI;2025-01-08T00:41:13+01:00;;;
;;OUI;;0;40;;;OUI;OUI;2025-01-08T00:41:51+01:00;;;
;;OUI;;21;3;;;OUI;OUI;2025-01-08T00:39:39+01:00;;;
;;OUI;;18;10;;;OUI;OUI;2025-01-08T00:39:27+01:00;;;
;;OUI;;10;18;;;OUI;OUI;2025-01-08T00:39:26+01:00;;;
;;OUI;;6;24;;;OUI;OUI;2025-01-08T00:42:43+01:00;;;
;;OUI;;17;8;;;OUI;OUI;2025-01-08T00:39:45+01:00;;;
;;NON;;26;0;;;NON;NON;2024-11-10T01:46:08+01:00;;;
;;OUI;;24;11;;;OUI;OUI;2025-01-08T00:37:27+01:00;;;
;;OUI;;20;0;;;OUI;OUI;2025-01-08T00:33:07+01:00;;;
;;OUI;;20;3;;;OUI;OUI;2025-01-08T00:42:09+01:00;;;
;;OUI;;1;0;;;NON;NON;2024-09-05T12:54:01+02:00;;;
;;OUI;;8;8;;;OUI;OUI;2025-01-08T00:39:00+01:00;;;
;;OUI;;17;12;;;OUI;OUI;2025-01-08T00:42:43+01:00;;;
;;OUI;;14;5;;;OUI;OUI;2025-01-08T00:41:11+01:00;;;
;;OUI;;0;27;;;OUI;OUI;2025-01-08T00:38:45+01:00;;;
;;OUI;;15;9;;;OUI;OUI;2025-01-08T00:39:12+01:00;;;
;;OUI;;0;20;;;OUI;OUI;2025-01-08T00:42:34+01:00;;;
;;OUI;;12;6;;;OUI;OUI;2025-01-08T00:41:24+01:00;;;
;;OUI;;6;27;;;OUI;OUI;2025-01-08T00:42:18+01:00;;;
;;OUI;;13;15;;;OUI;OUI;2025-01-08T00:33:45+01:00;;;
;;OUI;;17;18;;;OUI;OUI;2025-01-08T00:38:53+01:00;;;
;;OUI;;11;22;;;OUI;OUI;2025-01-08T00:41:46+01:00;;;
;;OUI;;22;3;;;OUI;OUI;2025-01-08T00:38:24+01:00;;;
;;OUI;;16;4;;;OUI;OUI;2025-01-08T00:41:04+01:00;;;
;;OUI;;15;15;;;OUI;OUI;2025-01-08T00:38:38+01:00;;;
;;OUI;;16;3;;;OUI;OUI;2025-01-08T00:33:55+01:00;;;
;;OUI;;0;40;;;OUI;OUI;2025-01-08T00:39:37+01:00;;;
;;OUI;;15;9;;;OUI;OUI;2025-01-08T00:39:41+01:00;;;
;;OUI;;17;3;;;OUI;OUI;2025-01-08T00:34:37+01:00;;;
;;OUI;;2;25;;;OUI;OUI;2025-01-08T00:42:10+01:00;;;
;;OUI;;6;28;;;OUI;OUI;2025-01-08T00:42:39+01:00;;;
;;OUI;;17;15;;;OUI;OUI;2025-01-08T00:40:04+01:00;;;
;;OUI;;8;38;;;OUI;OUI;2025-01-08T00:39:18+01:00;;;
;;OUI;;9;19;;;OUI;OUI;2025-01-08T00:41:47+01:00;;;
;;OUI;;13;12;;;OUI;OUI;2025-01-08T00:39:37+01:00;;;
;;OUI;;19;11;;;OUI;OUI;2025-01-08T00:38:00+01:00;;;
;;OUI;;11;26;;;OUI;OUI;2025-01-08T00:38:16+01:00;;;
;;OUI;;9;28;;;OUI;OUI;2025-01-08T00:41:02+01:00;;;
;;OUI;;0;16;;;OUI;OUI;2025-01-08T00:42:48+01:00;;;
;;OUI;;35;21;;;OUI;OUI;2025-01-08T00:42:09+01:00;;;
;;OUI;;22;3;;;OUI;OUI;2025-01-08T00:41:44+01:00;;;
;;OUI;;2;16;;;OUI;OUI;2025-01-08T00:42:48+01:00;;;
;;OUI;;16;16;;;OUI;OUI;2025-01-08T00:39:26+01:00;;;
;;OUI;;7;9;;;OUI;OUI;2025-01-08T00:42:50+01:00;;;
;;OUI;;21;12;;;OUI;OUI;2025-01-08T00:40:00+01:00;;;
;;OUI;;18;9;;;OUI;OUI;2025-01-08T00:40:52+01:00;;;
;;OUI;;4;40;;;OUI;OUI;2025-01-08T00:41:46+01:00;;;
;;OUI;;20;0;;;OUI;OUI;2025-01-08T00:42:37+01:00;;;
;;OUI;;31;23;;;OUI;OUI;2025-01-08T00:40:25+01:00;;;
;;OUI;;24;3;;;OUI;OUI;2025-01-08T00:42:00+01:00;;;
;;OUI;;16;14;;;OUI;OUI;2025-01-08T00:41:20+01:00;;;
;;OUI;;20;7;;;OUI;OUI;2025-01-08T00:36:50+01:00;;;
;;OUI;;2;18;;;OUI;OUI;2025-01-08T00:33:19+01:00;;;
;;OUI;;22;1;;;OUI;OUI;2025-01-08T00:36:43+01:00;;;
;;OUI;;20;9;;;OUI;OUI;2025-01-08T00:40:28+01:00;;;
;;OUI;;30;2;;;OUI;OUI;2025-01-08T00:40:03+01:00;;;
;;OUI;;26;28;;;OUI;OUI;2025-01-08T00:41:03+01:00;;;
;;OUI;;15;15;;;OUI;OUI;2025-01-08T00:39:35+01:00;;;
;;OUI;;20;10;;;OUI;OUI;2025-01-08T00:41:36+01:00;;;
;;OUI;;23;8;;;OUI;OUI;2025-01-08T00:40:42+01:00;;;
;;OUI;;28;22;;;OUI;OUI;2025-01-08T00:42:34+01:00;;;
;;OUI;;20;5;;;OUI;OUI;2025-01-08T00:38:26+01:00;;;
;;OUI;;21;15;;;OUI;OUI;2025-01-08T00:41:06+01:00;;;
;;OUI;;15;23;;;OUI;OUI;2025-01-08T00:42:36+01:00;;;
;;OUI;;48;2;;;OUI;OUI;2025-01-08T00:41:47+01:00;;;
;;OUI;;13;11;;;OUI;OUI;2025-01-08T00:38:56+01:00;;;
;;OUI;;27;9;;;OUI;OUI;2025-01-08T00:35:35+01:00;;;
;;OUI;;18;6;;;OUI;OUI;2025-01-08T00:42:17+01:00;;;
;;OUI;;21;11;;;OUI;OUI;2025-01-08T00:36:41+01:00;;;
;;OUI;;14;14;;;OUI;OUI;2025-01-08T00:42:20+01:00;;;
;;OUI;;1;20;;;OUI;OUI;2025-01-08T00:42:40+01:00;;;
;;OUI;;8;13;;;OUI;OUI;2025-01-08T00:42:01+01:00;;;
;;OUI;;4;25;;;OUI;OUI;2025-01-08T00:40:33+01:00;;;
;;OUI;;26;9;;;OUI;OUI;2025-01-08T00:38:43+01:00;;;
;;OUI;;21;24;;;OUI;OUI;2025-01-08T00:42:00+01:00;;;
;;OUI;;23;1;;;OUI;OUI;2025-01-08T00:36:10+01:00;;;
;;OUI;;9;21;;;OUI;OUI;2025-01-08T00:41:06+01:00;;;
;;OUI;;17;3;;;OUI;OUI;2025-01-08T00:41:23+01:00;;;
;;OUI;;11;22;;;OUI;OUI;2025-01-08T00:42:01+01:00;;;
;;OUI;;41;11;;;OUI;OUI;2025-01-08T00:39:32+01:00;;;
;;OUI;;8;10;;;OUI;OUI;2025-01-08T00:35:05+01:00;;;
;;OUI;;22;11;;;OUI;OUI;2025-01-08T00:37:34+01:00;;;
;;OUI;;19;6;;;OUI;OUI;2025-01-08T00:38:18+01:00;;;
;;OUI;;10;18;;;OUI;OUI;2025-01-08T00:41:35+01:00;;;
;;OUI;;5;25;;;OUI;OUI;2025-01-08T00:42:51+01:00;;;
;;OUI;;23;5;;;OUI;OUI;2025-01-08T00:38:42+01:00;;;
;;OUI;;12;13;;;OUI;OUI;2025-01-08T00:40:52+01:00;;;
;;OUI;;41;9;;;OUI;OUI;2025-01-08T00:41:49+01:00;;;
;;OUI;;17;18;;;OUI;OUI;2025-01-08T00:42:36+01:00;;;
;;OUI;;0;19;;;OUI;OUI;2025-01-08T00:36:52+01:00;;;
;;OUI;;19;13;;;OUI;OUI;2025-01-08T00:41:08+01:00;;;
;;OUI;;9;58;;;OUI;OUI;2025-01-08T00:42:31+01:00;;;
;;OUI;;32;4;;;OUI;OUI;2025-01-08T00:35:59+01:00;;;
;;OUI;;10;20;;;OUI;OUI;2025-01-08T00:40:14+01:00;;;
;;OUI;;15;3;;;OUI;OUI;2025-01-08T00:38:05+01:00;;;
;;OUI;;14;34;;;OUI;OUI;2025-01-08T00:41:45+01:00;;;
;;OUI;;2;34;;;OUI;OUI;2025-01-08T00:42:43+01:00;;;
;;OUI;;12;9;;;OUI;OUI;2025-01-08T00:42:37+01:00;;;
;;OUI;;13;9;;;OUI;OUI;2025-01-08T00:42:21+01:00;;;
;;OUI;;8;9;;;OUI;OUI;2025-01-08T00:39:08+01:00;;;
;;OUI;;17;20;;;OUI;OUI;2025-01-08T00:39:52+01:00;;;
;;OUI;;11;6;;;OUI;OUI;2025-01-08T00:35:40+01:00;;;
;;OUI;;39;9;;;OUI;OUI;2025-01-08T00:39:07+01:00;;;
;;OUI;;12;11;;;OUI;OUI;2025-01-08T00:40:47+01:00;;;
;;OUI;;20;9;;;OUI;OUI;2025-01-08T00:35:26+01:00;;;
;;OUI;;4;16;;;OUI;OUI;2025-01-08T00:40:19+01:00;;;
;;OUI;;16;17;;;OUI;OUI;2025-01-08T00:42:46+01:00;;;
;;OUI;;21;16;;;OUI;OUI;2025-01-08T00:40:22+01:00;;;
;;OUI;;19;19;;;OUI;OUI;2025-01-08T00:40:39+01:00;;;
;;OUI;;1;21;;;OUI;OUI;2025-01-08T00:42:41+01:00;;;
;;OUI;;55;5;;;OUI;OUI;2025-01-08T00:38:19+01:00;;;
;;OUI;;0;19;;;OUI;OUI;2025-01-08T00:41:44+01:00;;;
;;OUI;;3;17;;;OUI;OUI;2025-01-08T00:39:15+01:00;;;
;;OUI;;2;21;;;OUI;OUI;2025-01-08T00:42:41+01:00;;;
;;OUI;;16;9;;;OUI;OUI;2025-01-08T00:41:31+01:00;;;
;;OUI;;25;15;;;OUI;OUI;2025-01-08T00:39:59+01:00;;;
;;OUI;;33;23;;;OUI;OUI;2025-01-08T00:38:54+01:00;;;
;;OUI;;22;5;;;OUI;OUI;2025-01-08T00:40:03+01:00;;;
;;OUI;;24;4;;;OUI;OUI;2025-01-08T00:39:57+01:00;;;
;;OUI;;4;18;;;OUI;OUI;2025-01-08T00:42:21+01:00;;;
;;OUI;;25;2;;;OUI;OUI;2025-01-08T00:42:33+01:00;;;
;;OUI;;20;48;;;OUI;OUI;2025-01-08T00:42:46+01:00;;;
;;OUI;;11;26;;;OUI;OUI;2025-01-08T00:40:54+01:00;;;
;;OUI;;13;3;;;OUI;OUI;2025-01-08T00:41:02+01:00;;;
;;OUI;;3;37;;;OUI;OUI;2025-01-08T00:42:17+01:00;;;
;;OUI;;27;8;;;OUI;OUI;2025-01-08T00:39:03+01:00;;;
;;OUI;;7;10;;;OUI;OUI;2025-01-08T00:41:57+01:00;;;
;;OUI;;10;14;;;OUI;OUI;2025-01-08T00:42:40+01:00;;;
;;OUI;;22;16;;;OUI;OUI;2025-01-08T00:42:04+01:00;;;
;;OUI;;11;9;;;OUI;OUI;2025-01-08T00:40:39+01:00;;;
;;OUI;;12;11;;;OUI;OUI;2025-01-08T00:40:22+01:00;;;
;;OUI;;0;25;;;OUI;OUI;2025-01-08T00:41:20+01:00;;;
;;OUI;;17;19;;;OUI;OUI;2025-01-08T00:42:33+01:00;;;
;;OUI;;14;21;;;OUI;OUI;2025-01-08T00:41:17+01:00;;;
;;OUI;;16;4;;;OUI;OUI;2025-01-08T00:41:00+01:00;;;
;;OUI;;14;16;;;OUI;OUI;2025-01-08T00:40:11+01:00;;;
;;OUI;;21;33;;;OUI;OUI;2025-01-08T00:39:02+01:00;;;
;;OUI;;12;16;;;OUI;OUI;2025-01-08T00:41:25+01:00;;;
;;OUI;;24;12;;;OUI;OUI;2025-01-08T00:38:31+01:00;;;
;;OUI;;16;10;;;OUI;OUI;2025-01-08T00:40:00+01:00;;;
;;OUI;;11;15;;;OUI;OUI;2025-01-08T00:37:39+01:00;;;
;;OUI;;14;16;;;OUI;OUI;2025-01-08T00:41:28+01:00;;;
;;OUI;;19;5;;;OUI;OUI;2025-01-08T00:39:48+01:00;;;
;;OUI;;18;2;;;OUI;OUI;2025-01-08T00:39:55+01:00;;;
;;OUI;;14;14;;;OUI;OUI;2025-01-08T00:41:40+01:00;;;
;;OUI;;22;8;;;OUI;OUI;2025-01-08T00:41:24+01:00;;;
;;OUI;;16;29;;;OUI;OUI;2025-01-08T00:41:57+01:00;;;
;;OUI;;18;1;;;OUI;OUI;2025-01-08T00:41:35+01:00;;;
;;OUI;;30;16;;;OUI;OUI;2025-01-08T00:41:55+01:00;;;
;;OUI;;24;5;;;OUI;OUI;2025-01-08T00:42:49+01:00;;;
;;OUI;;0;0;;;NON;NON;2018-05-24T07:47:47+02:00;;;
;;OUI;;46;5;;;OUI;OUI;2025-01-08T00:39:57+01:00;;;
;;OUI;;38;9;;;OUI;OUI;2025-01-08T00:37:23+01:00;;;
;;OUI;;22;10;;;OUI;OUI;2025-01-08T00:42:40+01:00;;;
;;OUI;;1;29;;;OUI;OUI;2025-01-08T00:42:37+01:00;;;
;;OUI;;23;3;;;OUI;OUI;2025-01-08T00:39:00+01:00;;;
;;OUI;;25;3;;;OUI;OUI;2025-01-08T00:39:54+01:00;;;
;;OUI;;29;4;;;OUI;OUI;2025-01-08T00:38:10+01:00;;;
;;OUI;;8;13;;;OUI;OUI;2025-01-08T00:41:29+01:00;;;
;;OUI;;15;6;;;OUI;OUI;2025-01-08T00:40:58+01:00;;;
;;OUI;;27;3;;;OUI;OUI;2025-01-08T00:41:15+01:00;;;
;;OUI;;37;9;;;OUI;OUI;2025-01-08T00:39:36+01:00;;;
;;OUI;;13;11;;;OUI;OUI;2025-01-08T00:37:54+01:00;;;
;;OUI;;12;28;;;OUI;OUI;2025-01-08T00:34:48+01:00;;;
;;OUI;;6;14;;;OUI;OUI;2025-01-08T00:42:32+01:00;;;
;;OUI;;2;17;;;OUI;OUI;2025-01-08T00:42:49+01:00;;;
;;OUI;;1;25;;;OUI;OUI;2025-01-08T00:42:13+01:00;;;
;;OUI;;20;14;;;OUI;OUI;2025-01-08T00:42:27+01:00;;;
;;OUI;;47;20;;;OUI;OUI;2025-01-08T00:41:09+01:00;;;
;;OUI;;15;10;;;OUI;OUI;2025-01-08T00:35:31+01:00;;;
;;OUI;;12;29;;;OUI;OUI;2025-01-08T00:39:40+01:00;;;
;;OUI;;13;12;;;OUI;OUI;2025-01-08T00:34:49+01:00;;;
;;OUI;;35;30;;;OUI;OUI;2025-01-08T00:41:49+01:00;;;
;;OUI;;28;5;;;OUI;OUI;2025-01-08T00:39:40+01:00;;;
;;OUI;;13;13;;;OUI;OUI;2025-01-08T00:35:03+01:00;;;
;;OUI;;44;5;;;OUI;OUI;2025-01-08T00:42:01+01:00;;;
;;OUI;;0;19;;;OUI;OUI;2025-01-08T00:35:30+01:00;;;
;;OUI;;7;12;;;OUI;OUI;2025-01-08T00:35:29+01:00;;;
;;OUI;;8;7;;;OUI;OUI;2025-01-08T00:36:53+01:00;;;
;;OUI;;10;10;;;OUI;OUI;2025-01-08T00:41:37+01:00;;;
;;OUI;;25;5;;;OUI;OUI;2025-01-08T00:42:24+01:00;;;
;;OUI;;16;51;;;OUI;OUI;2025-01-08T00:42:06+01:00;;;
;;OUI;;15;20;;;OUI;OUI;2025-01-08T00:39:43+01:00;;;
;;OUI;;33;20;;;OUI;OUI;2025-01-08T00:42:46+01:00;;;
;;OUI;;9;17;;;OUI;OUI;2025-01-08T00:40:15+01:00;;;
;;OUI;;3;27;;;OUI;OUI;2025-01-08T00:42:37+01:00;;;
;;OUI;;23;8;;;OUI;OUI;2025-01-08T00:36:52+01:00;;;
;;OUI;;25;8;;;OUI;OUI;2025-01-08T00:38:51+01:00;;;
;;OUI;;0;0;;;NON;NON;2024-08-31T02:51:23+02:00;;;
;;OUI;;2;36;;;OUI;OUI;2025-01-08T00:42:22+01:00;;;
;;OUI;;10;20;;;OUI;OUI;2025-01-08T00:41:33+01:00;;;
;;OUI;;19;20;;;OUI;OUI;2025-01-08T00:42:13+01:00;;;
;;OUI;;19;11;;;OUI;OUI;2025-01-08T00:42:37+01:00;;;
;;OUI;;16;14;;;OUI;OUI;2025-01-08T00:41:14+01:00;;;
;;OUI;;30;5;;;OUI;OUI;2025-01-08T00:35:58+01:00;;;
;;OUI;;19;16;;;OUI;OUI;2025-01-08T00:39:14+01:00;;;
;;OUI;;41;3;;;OUI;OUI;2025-01-08T00:36:04+01:00;;;
;;OUI;;17;30;;;OUI;OUI;2025-01-08T00:42:21+01:00;;;
;;OUI;;3;27;;;OUI;OUI;2025-01-08T00:41:37+01:00;;;
;;OUI;;12;20;;;OUI;OUI;2025-01-08T00:39:50+01:00;;;
;;OUI;;5;29;;;OUI;OUI;2025-01-08T00:41:35+01:00;;;
;;NON;;0;0;;;NON;NON;2025-01-08T00:41:13+01:00;;;
;;OUI;;1;27;;;OUI;OUI;2025-01-08T00:38:29+01:00;;;
;;OUI;;22;6;;;OUI;OUI;2025-01-08T00:40:28+01:00;;;
;;OUI;;5;23;;;OUI;OUI;2025-01-08T00:39:10+01:00;;;
;;OUI;;9;12;;;OUI;OUI;2025-01-08T00:40:54+01:00;;;
;;OUI;;20;10;;;OUI;OUI;2025-01-08T00:41:09+01:00;;;
;;OUI;;31;2;;;OUI;OUI;2025-01-08T00:39:44+01:00;;;
;;OUI;;20;4;;;OUI;OUI;2025-01-08T00:35:31+01:00;;;
;;OUI;;16;12;;;OUI;OUI;2025-01-08T00:33:43+01:00;;;
;;OUI;;19;9;;;OUI;OUI;2025-01-08T00:41:28+01:00;;;
;;OUI;;14;14;;;OUI;OUI;2025-01-08T00:37:21+01:00;;;
;;OUI;;26;9;;;OUI;OUI;2025-01-08T00:41:42+01:00;;;
;;OUI;;1;35;;;OUI;OUI;2025-01-08T00:42:24+01:00;;;
;;OUI;;2;33;;;OUI;OUI;2025-01-08T00:41:42+01:00;;;
;;OUI;;47;5;;;OUI;OUI;2025-01-08T00:37:48+01:00;;;
;;OUI;;33;27;;;OUI;OUI;2025-01-08T00:42:35+01:00;;;
;;OUI;;7;11;;;OUI;OUI;2025-01-08T00:41:05+01:00;;;
;;OUI;;13;12;;;OUI;OUI;2025-01-08T00:42:35+01:00;;;
;;OUI;;20;36;;;OUI;OUI;2025-01-08T00:39:30+01:00;;;
;;OUI;;11;7;;;OUI;OUI;2025-01-08T00:40:15+01:00;;;
;;OUI;;1;19;;;OUI;OUI;2025-01-08T00:41:23+01:00;;;
;;OUI;;11;20;;;OUI;OUI;2025-01-08T00:39:58+01:00;;;
;;OUI;;22;7;;;OUI;OUI;2025-01-08T00:39:38+01:00;;;
;;OUI;;21;4;;;OUI;OUI;2025-01-08T00:34:21+01:00;;;
;;OUI;;6;18;;;OUI;OUI;2025-01-08T00:42:29+01:00;;;
;;OUI;;21;3;;;OUI;OUI;2025-01-08T00:34:15+01:00;;;
;;OUI;;13;28;;;OUI;OUI;2025-01-08T00:42:46+01:00;;;
;;OUI;;45;8;;;OUI;OUI;2025-01-08T00:42:34+01:00;;;
;;OUI;;15;11;;;OUI;OUI;2025-01-08T00:40:16+01:00;;;
;;OUI;;16;0;;;OUI;OUI;2025-01-08T00:41:42+01:00;;;
;;OUI;;11;47;;;OUI;OUI;2025-01-08T00:42:47+01:00;;;
;;OUI;;28;10;;;OUI;OUI;2025-01-08T00:42:32+01:00;;;
;;OUI;;15;9;;;OUI;OUI;2025-01-08T00:42:44+01:00;;;
;;OUI;;11;20;;;OUI;OUI;2025-01-08T00:42:05+01:00;;;
;;OUI;;17;4;;;OUI;OUI;2025-01-08T00:39:54+01:00;;;
;;OUI;;32;27;;;OUI;OUI;2025-01-08T00:42:45+01:00;;;
;;OUI;;20;19;;;OUI;OUI;2025-01-08T00:37:23+01:00;;;
;;OUI;;62;6;;;OUI;OUI;2025-01-08T00:39:17+01:00;;;
;;OUI;;17;3;;;OUI;OUI;2025-01-08T00:39:45+01:00;;;
;;OUI;;17;5;;;OUI;OUI;2025-01-08T00:39:01+01:00;;;
;;OUI;;10;12;;;OUI;OUI;2025-01-08T00:42:13+01:00;;;
;;OUI;;1;17;;;OUI;OUI;2025-01-08T00:39:54+01:00;;;
;;OUI;;15;15;;;OUI;OUI;2025-01-08T00:39:02+01:00;;;
;;OUI;;4;20;;;OUI;OUI;2025-01-08T00:42:45+01:00;;;
;;OUI;;16;14;;;OUI;OUI;2025-01-08T00:33:44+01:00;;;
;;OUI;;10;12;;;OUI;OUI;2025-01-08T00:39:25+01:00;;;
;;OUI;;23;5;;;OUI;OUI;2025-01-08T00:42:00+01:00;;;
;;OUI;;2;23;;;OUI;OUI;2025-01-08T00:40:25+01:00;;;
;;OUI;;46;3;;;OUI;OUI;2025-01-08T00:42:37+01:00;;;
;;OUI;;4;22;;;OUI;OUI;2025-01-08T00:42:18+01:00;;;
;;OUI;;2;18;;;OUI;OUI;2025-01-08T00:40:45+01:00;;;
;;OUI;;6;19;;;OUI;OUI;2025-01-08T00:41:10+01:00;;;
;;OUI;;16;4;;;OUI;OUI;2025-01-08T00:38:48+01:00;;;
;;OUI;;13;19;;;OUI;OUI;2025-01-08T00:42:12+01:00;;;
;;OUI;;14;10;;;OUI;OUI;2025-01-08T00:42:36+01:00;;;
;;OUI;;46;14;;;OUI;OUI;2025-01-08T00:39:59+01:00;;;
;;OUI;;25;2;;;NON;NON;2024-12-16T04:04:01+01:00;;;
;;OUI;;38;16;;;OUI;OUI;2025-01-08T00:42:48+01:00;;;
;;OUI;;25;6;;;OUI;OUI;2025-01-08T00:41:49+01:00;;;
;;OUI;;16;22;;;OUI;OUI;2025-01-08T00:42:19+01:00;;;
;;OUI;;9;7;;;OUI;OUI;2025-01-08T00:37:31+01:00;;;
;;OUI;;13;8;;;OUI;OUI;2025-01-08T00:42:18+01:00;;;
;;OUI;;12;13;;;OUI;OUI;2025-01-08T00:40:46+01:00;;;
;;OUI;;7;9;;;OUI;OUI;2025-01-08T00:40:21+01:00;;;
;;OUI;;1;22;;;OUI;OUI;2025-01-08T00:38:42+01:00;;;
;;NON;;36;0;;;NON;NON;2024-12-13T08:49:28+01:00;;;
;;OUI;;12;4;;;OUI;OUI;2025-01-08T00:35:49+01:00;;;
;;OUI;;12;9;;;OUI;OUI;2025-01-08T00:40:15+01:00;;;
;;OUI;;64;4;;;OUI;OUI;2025-01-08T00:38:25+01:00;;;
;;OUI;;9;17;;;OUI;OUI;2025-01-08T00:42:50+01:00;;;
;;OUI;;17;6;;;OUI;OUI;2025-01-08T00:42:48+01:00;;;
;;OUI;;24;1;;;OUI;OUI;2025-01-08T00:33:46+01:00;;;
;;OUI;;43;2;;;OUI;OUI;2025-01-08T00:37:05+01:00;;;
;;OUI;;2;28;;;OUI;OUI;2025-01-08T00:42:10+01:00;;;
;;OUI;;14;21;;;OUI;OUI;2025-01-08T00:37:49+01:00;;;
;;OUI;;19;1;;;OUI;OUI;2025-01-08T00:38:57+01:00;;;
;;OUI;;14;48;;;OUI;OUI;2025-01-08T00:42:35+01:00;;;
;;OUI;;0;0;;;NON;NON;2024-07-30T09:44:13+02:00;;;
;;OUI;;27;13;;;OUI;OUI;2025-01-08T00:40:27+01:00;;;
;;OUI;;22;1;;;OUI;OUI;2025-01-08T00:38:54+01:00;;;
;;OUI;;33;20;;;OUI;OUI;2025-01-08T00:42:49+01:00;;;
;;OUI;;15;22;;;OUI;OUI;2025-01-08T00:42:35+01:00;;;
;;OUI;;13;18;;;OUI;OUI;2025-01-08T00:36:38+01:00;;;
;;OUI;;19;6;;;OUI;OUI;2025-01-08T00:38:28+01:00;;;
;;OUI;;19;6;;;OUI;OUI;2025-01-08T00:36:16+01:00;;;
;;OUI;;0;0;;;NON;NON;2024-08-14T23:47:20+02:00;;;
;;OUI;;23;9;;;OUI;OUI;2025-01-08T00:37:39+01:00;;;
;;OUI;;8;14;;;OUI;OUI;2025-01-08T00:39:57+01:00;;;
;;OUI;;19;21;;;OUI;OUI;2025-01-08T00:40:46+01:00;;;
;;OUI;;19;42;;;OUI;OUI;2025-01-08T00:42:42+01:00;;;
;;OUI;;11;19;;;OUI;OUI;2025-01-08T00:40:18+01:00;;;
;;OUI;;47;21;;;OUI;OUI;2025-01-08T00:40:09+01:00;;;
;;OUI;;7;19;;;OUI;OUI;2025-01-08T00:41:16+01:00;;;
;;OUI;;22;11;;;OUI;OUI;2025-01-08T00:38:24+01:00;;;
;;OUI;;2;21;;;OUI;OUI;2025-01-08T00:41:24+01:00;;;
;;OUI;;35;2;;;OUI;OUI;2025-01-08T00:36:10+01:00;;;
;;OUI;;33;26;;;OUI;OUI;2025-01-08T00:42:21+01:00;;;
;;OUI;;38;12;;;OUI;OUI;2025-01-08T00:42:15+01:00;;;
;;OUI;;3;37;;;OUI;OUI;2025-01-08T00:41:24+01:00;;;
;;OUI;;13;14;;;OUI;OUI;2025-01-08T00:37:24+01:00;;;
;;OUI;;6;29;;;OUI;OUI;2025-01-08T00:42:44+01:00;;;
;;OUI;;15;17;;;OUI;OUI;2025-01-08T00:39:31+01:00;;;
;;OUI;;17;2;;;OUI;OUI;2025-01-08T00:41:36+01:00;;;
;;OUI;;11;9;;;OUI;OUI;2025-01-08T00:39:36+01:00;;;
;;OUI;;16;2;;;OUI;OUI;2025-01-08T00:42:41+01:00;;;
;;OUI;;15;3;;;OUI;OUI;2025-01-08T00:35:36+01:00;;;
;;NON;;1;0;;;NON;NON;2024-07-17T14:27:49+02:00;;;
;;OUI;;56;6;;;OUI;OUI;2025-01-08T00:36:16+01:00;;;
;;NON;;1;0;;;NON;NON;2024-07-15T10:46:06+02:00;;;
;;OUI;;5;13;;;OUI;OUI;2025-01-08T00:42:18+01:00;;;
;;OUI;;28;9;;;OUI;OUI;2025-01-08T00:34:36+01:00;;;
;;OUI;;30;24;;;OUI;OUI;2025-01-08T00:40:24+01:00;;;
;;OUI;;0;41;;;OUI;OUI;2025-01-08T00:41:21+01:00;;;
;;OUI;;2;20;;;OUI;OUI;2025-01-08T00:35:18+01:00;;;
;;OUI;;2;34;;;OUI;OUI;2025-01-08T00:41:13+01:00;;;
;;OUI;;35;5;;;OUI;OUI;2025-01-08T00:42:46+01:00;;;
;;OUI;;43;17;;;OUI;OUI;2025-01-08T00:39:13+01:00;;;
;;OUI;;21;2;;;OUI;OUI;2025-01-08T00:39:48+01:00;;;
;;OUI;;0;20;;;OUI;OUI;2025-01-08T00:40:00+01:00;;;
;;OUI;;27;32;;;OUI;OUI;2025-01-08T00:41:00+01:00;;;
;;OUI;;9;9;;;OUI;OUI;2025-01-08T00:41:44+01:00;;;
;;OUI;;4;13;;;OUI;OUI;2025-01-08T00:42:17+01:00;;;
;;OUI;;13;7;;;OUI;OUI;2025-01-08T00:41:22+01:00;;;
;;OUI;;52;18;;;OUI;OUI;2025-01-08T00:39:13+01:00;;;
;;NON;;1;0;;;NON;NON;2023-11-29T13:09:17+01:00;;;
;;OUI;;10;11;;;OUI;OUI;2025-01-08T00:41:15+01:00;;;
;;OUI;;13;7;;;OUI;OUI;2025-01-08T00:39:12+01:00;;;
;;OUI;;43;4;;;OUI;OUI;2025-01-08T00:36:57+01:00;;;
;;OUI;;5;34;;;OUI;OUI;2025-01-08T00:42:48+01:00;;;
;;OUI;;24;0;;;OUI;OUI;2025-01-08T00:40:33+01:00;;;
;;OUI;;29;3;;;OUI;OUI;2025-01-08T00:37:47+01:00;;;
;;OUI;;11;14;;;OUI;OUI;2025-01-08T00:42:31+01:00;;;
;;OUI;;12;7;;;OUI;OUI;2025-01-08T00:35:33+01:00;;;
;;OUI;;2;19;;;OUI;OUI;2025-01-08T00:42:49+01:00;;;
;;OUI;;23;11;;;OUI;OUI;2025-01-08T00:40:13+01:00;;;
;;OUI;;32;1;;;OUI;OUI;2025-01-08T00:32:08+01:00;;;
;;OUI;;29;4;;;OUI;OUI;2025-01-08T00:39:03+01:00;;;
;;OUI;;4;21;;;OUI;OUI;2025-01-08T00:42:28+01:00;;;
;;OUI;;14;13;;;OUI;OUI;2025-01-08T00:39:39+01:00;;;
;;NON;;28;0;;;NON;NON;2024-08-26T09:39:15+02:00;;;
;;OUI;;7;46;;;OUI;OUI;2025-01-08T00:42:20+01:00;;;
;;OUI;;2;15;;;OUI;OUI;2025-01-08T00:37:45+01:00;;;
;;OUI;;9;16;;;OUI;OUI;2025-01-08T00:41:58+01:00;;;
;;NON;;0;0;;;NON;NON;2025-01-06T09:48:41+01:00;;;
;;OUI;;17;1;;;OUI;OUI;2025-01-08T00:39:49+01:00;;;
;;OUI;;10;34;;;OUI;OUI;2025-01-08T00:39:20+01:00;;;
;;OUI;;56;3;;;OUI;OUI;2025-01-08T00:33:23+01:00;;;
;;OUI;;16;0;;;NON;NON;2024-06-30T16:15:51+02:00;;;
;;OUI;;2;25;;;OUI;OUI;2025-01-08T00:41:29+01:00;;;
;;OUI;;7;17;;;OUI;OUI;2025-01-08T00:40:56+01:00;;;
;;OUI;;38;11;;;OUI;OUI;2025-01-08T00:42:33+01:00;;;
;;OUI;;15;20;;;OUI;OUI;2025-01-08T00:42:37+01:00;;;
;;OUI;;23;17;;;OUI;OUI;2025-01-08T00:42:13+01:00;;;
;;OUI;;15;11;;;OUI;OUI;2025-01-08T00:41:57+01:00;;;
;;OUI;;6;54;;;OUI;OUI;2025-01-08T00:41:32+01:00;;;
;;OUI;;18;33;;;OUI;OUI;2025-01-08T00:41:59+01:00;;;
;;OUI;;17;11;;;OUI;OUI;2025-01-08T00:33:11+01:00;;;
;;OUI;;12;8;;;OUI;OUI;2025-01-08T00:42:15+01:00;;;
;;OUI;;8;9;;;OUI;OUI;2025-01-08T00:41:04+01:00;;;
;;OUI;;10;12;;;OUI;OUI;2025-01-08T00:41:41+01:00;;;
;;OUI;;25;5;;;OUI;OUI;2025-01-08T00:37:36+01:00;;;
;;OUI;;17;13;;;OUI;OUI;2025-01-08T00:33:44+01:00;;;
;;OUI;;29;7;;;OUI;OUI;2025-01-08T00:41:37+01:00;;;
;;NON;;1;0;;;NON;NON;2024-12-12T11:26:30+01:00;;;
;;OUI;;26;20;;;OUI;OUI;2025-01-08T00:42:46+01:00;;;
;;OUI;;15;10;;;OUI;OUI;2025-01-08T00:41:07+01:00;;;
;;OUI;;17;7;;;OUI;OUI;2025-01-08T00:41:32+01:00;;;
;;OUI;;5;25;;;OUI;OUI;2025-01-08T00:36:51+01:00;;;
;;OUI;;12;22;;;OUI;OUI;2025-01-08T00:38:52+01:00;;;
